-- MySQL dump 10.13  Distrib 5.5.20, for debian-linux-gnu (x86_64)
--
-- Host: localhost    Database: cge_db
-- ------------------------------------------------------
-- Server version	5.5.20-1~dotdeb.0

/*!40101 SET @OLD_CHARACTER_SET_CLIENT=@@CHARACTER_SET_CLIENT */;
/*!40101 SET @OLD_CHARACTER_SET_RESULTS=@@CHARACTER_SET_RESULTS */;
/*!40101 SET @OLD_COLLATION_CONNECTION=@@COLLATION_CONNECTION */;
/*!40101 SET NAMES utf8 */;
/*!40103 SET @OLD_TIME_ZONE=@@TIME_ZONE */;
/*!40103 SET TIME_ZONE='+00:00' */;
/*!40014 SET @OLD_UNIQUE_CHECKS=@@UNIQUE_CHECKS, UNIQUE_CHECKS=0 */;
/*!40014 SET @OLD_FOREIGN_KEY_CHECKS=@@FOREIGN_KEY_CHECKS, FOREIGN_KEY_CHECKS=0 */;
/*!40101 SET @OLD_SQL_MODE=@@SQL_MODE, SQL_MODE='NO_AUTO_VALUE_ON_ZERO' */;
/*!40111 SET @OLD_SQL_NOTES=@@SQL_NOTES, SQL_NOTES=0 */;

--
-- Current Database: `cge_db`
--

CREATE DATABASE /*!32312 IF NOT EXISTS*/ `cge_db` /*!40100 DEFAULT CHARACTER SET latin1 */;

USE `cge_db`;

--
-- Table structure for table `Aclaraciones`
--

DROP TABLE IF EXISTS `Aclaraciones`;
/*!40101 SET @saved_cs_client     = @@character_set_client */;
/*!40101 SET character_set_client = utf8 */;
CREATE TABLE `Aclaraciones` (
  `IdAclaracion` int(11) NOT NULL AUTO_INCREMENT,
  `IdPago` int(11) NOT NULL,
  PRIMARY KEY (`IdAclaracion`),
  KEY `fk_Aclaraciones_Pagos1` (`IdPago`),
  CONSTRAINT `fk_Aclaraciones_Pagos1` FOREIGN KEY (`IdPago`) REFERENCES `Pagos` (`IdPago`) ON DELETE NO ACTION ON UPDATE NO ACTION
) ENGINE=InnoDB DEFAULT CHARSET=utf8;
/*!40101 SET character_set_client = @saved_cs_client */;

--
-- Dumping data for table `Aclaraciones`
--

LOCK TABLES `Aclaraciones` WRITE;
/*!40000 ALTER TABLE `Aclaraciones` DISABLE KEYS */;
/*!40000 ALTER TABLE `Aclaraciones` ENABLE KEYS */;
UNLOCK TABLES;

--
-- Table structure for table `CamposInformacion`
--

DROP TABLE IF EXISTS `CamposInformacion`;
/*!40101 SET @saved_cs_client     = @@character_set_client */;
/*!40101 SET character_set_client = utf8 */;
CREATE TABLE `CamposInformacion` (
  `IdCampo` int(11) NOT NULL,
  `IdCategoria` int(11) NOT NULL,
  `NomCorto` varchar(255) DEFAULT NULL,
  `TipoDato` varchar(255) DEFAULT NULL,
  `Descripcion` longtext,
  `Orden` bigint(10) DEFAULT NULL,
  `Requerido` tinyint(2) DEFAULT NULL,
  `Bloqueado` tinyint(2) DEFAULT NULL,
  `Visible` tinyint(2) DEFAULT NULL,
  `Unico` tinyint(2) DEFAULT NULL,
  `Registro` tinyint(2) DEFAULT NULL,
  `DatoPorDefecto` longtext,
  `FormatoPorDefecto` tinyint(2) DEFAULT NULL,
  `Parametro1` longtext,
  `Parametro2` longtext,
  `Parametro3` longtext,
  `Parametro4` longtext,
  `Parametro5` varchar(45) DEFAULT NULL,
  PRIMARY KEY (`IdCampo`),
  KEY `fk_CamposInformacion_CategoriaInformacion1_idx` (`IdCategoria`),
  CONSTRAINT `fk_CamposInformacion_CategoriaInformacion1` FOREIGN KEY (`IdCategoria`) REFERENCES `CategoriaInformacion` (`IdCategoria`) ON DELETE NO ACTION ON UPDATE NO ACTION
) ENGINE=InnoDB DEFAULT CHARSET=utf8;
/*!40101 SET character_set_client = @saved_cs_client */;

--
-- Dumping data for table `CamposInformacion`
--

LOCK TABLES `CamposInformacion` WRITE;
/*!40000 ALTER TABLE `CamposInformacion` DISABLE KEYS */;
/*!40000 ALTER TABLE `CamposInformacion` ENABLE KEYS */;
UNLOCK TABLES;

--
-- Table structure for table `CategoriaInformacion`
--

DROP TABLE IF EXISTS `CategoriaInformacion`;
/*!40101 SET @saved_cs_client     = @@character_set_client */;
/*!40101 SET character_set_client = utf8 */;
CREATE TABLE `CategoriaInformacion` (
  `IdCategoria` int(11) NOT NULL,
  `Nombre` varchar(255) DEFAULT NULL,
  `Orden` bigint(2) DEFAULT NULL,
  PRIMARY KEY (`IdCategoria`)
) ENGINE=InnoDB DEFAULT CHARSET=utf8;
/*!40101 SET character_set_client = @saved_cs_client */;

--
-- Dumping data for table `CategoriaInformacion`
--

LOCK TABLES `CategoriaInformacion` WRITE;
/*!40000 ALTER TABLE `CategoriaInformacion` DISABLE KEYS */;
/*!40000 ALTER TABLE `CategoriaInformacion` ENABLE KEYS */;
UNLOCK TABLES;

--
-- Table structure for table `ConceposDePago`
--

DROP TABLE IF EXISTS `ConceposDePago`;
/*!40101 SET @saved_cs_client     = @@character_set_client */;
/*!40101 SET character_set_client = utf8 */;
CREATE TABLE `ConceposDePago` (
  `IdConcepto` int(11) NOT NULL,
  `NomConcepto` varchar(45) DEFAULT NULL,
  `CveConcepto` varchar(45) DEFAULT NULL,
  `PrecioUnitario` varchar(45) DEFAULT NULL,
  `DescripcionConcepto` varchar(45) DEFAULT NULL,
  `IdCurso` varchar(45) DEFAULT NULL,
  `FecAdicionConcepto` varchar(45) DEFAULT NULL,
  `UltimaModificacion` varchar(45) DEFAULT NULL,
  `Vigencia` varchar(45) DEFAULT NULL,
  `EstatusDeVigencia` varchar(45) DEFAULT NULL,
  PRIMARY KEY (`IdConcepto`)
) ENGINE=InnoDB DEFAULT CHARSET=utf8;
/*!40101 SET character_set_client = @saved_cs_client */;

--
-- Dumping data for table `ConceposDePago`
--

LOCK TABLES `ConceposDePago` WRITE;
/*!40000 ALTER TABLE `ConceposDePago` DISABLE KEYS */;
/*!40000 ALTER TABLE `ConceposDePago` ENABLE KEYS */;
UNLOCK TABLES;

--
-- Table structure for table `ConceptosAPagar`
--

DROP TABLE IF EXISTS `ConceptosAPagar`;
/*!40101 SET @saved_cs_client     = @@character_set_client */;
/*!40101 SET character_set_client = utf8 */;
CREATE TABLE `ConceptosAPagar` (
  `IdConceptosAPagar` int(11) NOT NULL AUTO_INCREMENT,
  `Transaccion` varchar(20) DEFAULT NULL,
  `RefPago` varchar(30) DEFAULT NULL,
  `UnidadEducativa` varchar(15) DEFAULT NULL,
  `TipoPago` varchar(5) DEFAULT NULL,
  `NumAutorizacion` varchar(20) DEFAULT NULL,
  `FechPago` date DEFAULT NULL,
  `FolioPago` varchar(20) DEFAULT NULL,
  `EstatusPago` varchar(5) DEFAULT NULL,
  `EstatusRefrendado` varchar(5) DEFAULT NULL,
  `DetallePedido_IdDetallePedido` int(11) NOT NULL,
  PRIMARY KEY (`IdConceptosAPagar`),
  KEY `fk_ConceptosAPagar_DetallePedido1` (`DetallePedido_IdDetallePedido`),
  CONSTRAINT `fk_ConceptosAPagar_DetallePedido1` FOREIGN KEY (`DetallePedido_IdDetallePedido`) REFERENCES `DetallePedido` (`IdDetallePedido`) ON DELETE CASCADE ON UPDATE CASCADE
) ENGINE=InnoDB DEFAULT CHARSET=latin1;
/*!40101 SET character_set_client = @saved_cs_client */;

--
-- Dumping data for table `ConceptosAPagar`
--

LOCK TABLES `ConceptosAPagar` WRITE;
/*!40000 ALTER TABLE `ConceptosAPagar` DISABLE KEYS */;
/*!40000 ALTER TABLE `ConceptosAPagar` ENABLE KEYS */;
UNLOCK TABLES;

--
-- Table structure for table `Cursos`
--

DROP TABLE IF EXISTS `Cursos`;
/*!40101 SET @saved_cs_client     = @@character_set_client */;
/*!40101 SET character_set_client = utf8 */;
CREATE TABLE `Cursos` (
  `IdCurso` int(11) NOT NULL AUTO_INCREMENT,
  `IdPersona` int(11) DEFAULT NULL,
  `CveCurso` varchar(15) DEFAULT NULL,
  `Estatus` varchar(45) DEFAULT NULL,
  PRIMARY KEY (`IdCurso`)
) ENGINE=InnoDB DEFAULT CHARSET=latin1;
/*!40101 SET character_set_client = @saved_cs_client */;

--
-- Dumping data for table `Cursos`
--

LOCK TABLES `Cursos` WRITE;
/*!40000 ALTER TABLE `Cursos` DISABLE KEYS */;
/*!40000 ALTER TABLE `Cursos` ENABLE KEYS */;
UNLOCK TABLES;

--
-- Table structure for table `DatosDeFacturacion`
--

DROP TABLE IF EXISTS `DatosDeFacturacion`;
/*!40101 SET @saved_cs_client     = @@character_set_client */;
/*!40101 SET character_set_client = utf8 */;
CREATE TABLE `DatosDeFacturacion` (
  `IdDatosDeFacturacion` int(11) NOT NULL,
  `IdUsuario` int(11) NOT NULL,
  `Calle` varchar(255) DEFAULT NULL,
  `NumExterior` int(11) DEFAULT NULL,
  `NumInterior` int(11) DEFAULT NULL,
  `Colonia` varchar(255) DEFAULT NULL,
  `CP` int(11) DEFAULT NULL,
  `RFC` varchar(45) DEFAULT NULL,
  PRIMARY KEY (`IdDatosDeFacturacion`),
  KEY `fk_DatosDeFacturacion_Usuarios1` (`IdUsuario`),
  CONSTRAINT `fk_DatosDeFacturacion_Usuarios1` FOREIGN KEY (`IdUsuario`) REFERENCES `Usuarios` (`IdUsuario`) ON DELETE NO ACTION ON UPDATE NO ACTION
) ENGINE=InnoDB DEFAULT CHARSET=utf8;
/*!40101 SET character_set_client = @saved_cs_client */;

--
-- Dumping data for table `DatosDeFacturacion`
--

LOCK TABLES `DatosDeFacturacion` WRITE;
/*!40000 ALTER TABLE `DatosDeFacturacion` DISABLE KEYS */;
/*!40000 ALTER TABLE `DatosDeFacturacion` ENABLE KEYS */;
UNLOCK TABLES;

--
-- Table structure for table `DatosUsuario`
--

DROP TABLE IF EXISTS `DatosUsuario`;
/*!40101 SET @saved_cs_client     = @@character_set_client */;
/*!40101 SET character_set_client = utf8 */;
CREATE TABLE `DatosUsuario` (
  `IdDatosUsuario` int(11) NOT NULL AUTO_INCREMENT,
  `IdUsuario` int(11) NOT NULL,
  `NomCampo` varchar(100) NOT NULL,
  `Datos` longtext,
  `DataFormat` tinyint(2) DEFAULT NULL,
  PRIMARY KEY (`IdDatosUsuario`),
  KEY `fk_DatosUsuario_Usuarios1_idx` (`IdUsuario`),
  CONSTRAINT `fk_DatosUsuario_Usuarios1` FOREIGN KEY (`IdUsuario`) REFERENCES `Usuarios` (`IdUsuario`) ON DELETE CASCADE ON UPDATE CASCADE
) ENGINE=InnoDB AUTO_INCREMENT=1376 DEFAULT CHARSET=utf8;
/*!40101 SET character_set_client = @saved_cs_client */;

--
-- Dumping data for table `DatosUsuario`
--

LOCK TABLES `DatosUsuario` WRITE;
/*!40000 ALTER TABLE `DatosUsuario` DISABLE KEYS */;
INSERT INTO `DatosUsuario` VALUES (1,1,'tipoEstudio','4',NULL),(2,1,'nombEstudio','Enseñanza de inglés',NULL),(3,1,'cpe','6',NULL),(4,1,'toefl','11',NULL),(5,1,'puntuajeTOEFL','623',NULL),(11,3,'tipoEstudio','1',NULL),(12,3,'nombEstudio','Enseñanza del Inglés',NULL),(13,4,'tipoEstudio','5',NULL),(14,4,'nombEstudio','lingüística aplicada',NULL),(15,4,'unam2','10',NULL),(16,4,'toefl','11',NULL),(17,4,'puntuajeTOEFL','647',NULL),(18,5,'tipoEstudio','1',NULL),(19,5,'otro','12',NULL),(20,5,'otroText','Teaching english as a Second Language',NULL),(26,7,'tipoEstudio','3',NULL),(27,7,'nombEstudio','Medico Cirujano',NULL),(28,7,'tkt','2',NULL),(29,7,'fce','4',NULL),(30,7,'toefl','11',NULL),(31,7,'puntuajeTOEFL','513',NULL),(32,8,'tipoEstudio','3',NULL),(33,8,'nombEstudio','Enseñanza del Inglés',NULL),(34,8,'toefl','11',NULL),(35,8,'puntuajeTOEFL','630',NULL),(63,14,'tipoEstudio','3',NULL),(64,14,'nombEstudio','HUMANIDADES',NULL),(65,14,'fce','4',NULL),(66,14,'unam1','9',NULL),(124,26,'TipoInstProcedencia','5',NULL),(125,26,'institucionProcedencia','UNIVERSIDAD AUTONOMA DE CHIAPAS ',NULL),(126,26,'IdPaisIns','151',NULL),(127,26,'UnivelEstudio','1',NULL),(128,26,'nombEstudio','en Derecho',NULL),(129,26,'FecExa','1996-11-24',NULL),(130,26,'Prom','9',NULL),(131,26,'unidad','IZT',NULL),(132,26,'division','CSH',NULL),(133,26,'NivEstudio','Especializacion',NULL),(134,26,'NomPosgrado','Pólitica y cultura en América Latina',NULL),(135,26,'AreaConcentracion','Posgrado Virtual en Polica y Cultura en America Latina',NULL),(136,27,'TipoInstProcedencia','8',NULL),(137,27,'IdPaisIns','81',NULL),(138,27,'institucionProcedenciaOtra','Universidad de Buenos Aires',NULL),(139,27,'UnivelEstudio','1',NULL),(140,27,'nombEstudio','Profesora de Enseñanza Media y Superior en Ciencias Antropológicas',NULL),(141,27,'FecExa','2008-12-22',NULL),(142,27,'Prom','8',NULL),(143,27,'unidad','IZT',NULL),(144,27,'division','CSH',NULL),(145,27,'NivEstudio','Especializacion',NULL),(146,27,'NomPosgrado','Pólitica y cultura en América Latina',NULL),(147,30,'tipoEstudio','5',NULL),(148,30,'nombEstudio','Humanidades Línea en historia',NULL),(149,30,'otro','12',NULL),(150,30,'otroText','KEY  ENGLISH TEST Y DIPLOMA DE ESPECIALIDAD EN INGLES EXPEDIDO POR LA SEP  CON NUMERO  K010767 EGRESADA DEL INSTITUTO ANGLO-MEXICANO DE CULTURA A.C.',NULL),(151,31,'tipoEstudio','7',NULL),(152,31,'nombEstudio','Educacion',NULL),(153,31,'otroText','no poseo ninguna certificación pero tengo licenciatura en Inglés inconclusa, curso de Inglés en el TEc de Monterrey nivel 5 y curso SEP a ingles y curso English Unlimited nivel 6A',NULL),(161,34,'TipoInstProcedencia','8',NULL),(162,34,'IdPaisIns','51',NULL),(163,34,'UnivelEstudio','2',NULL),(164,34,'nombEstudio','Desarrollo Educativo',NULL),(165,34,'FecExa','26-02-09',NULL),(166,34,'Prom','9.21',NULL),(167,34,'unidad','IZT',NULL),(168,34,'division','CSH',NULL),(169,34,'NivEstudio','Especializacion',NULL),(170,34,'NomPosgrado','Pólitica y cultura en América Latina',NULL),(178,36,'tipoEstudio','5',NULL),(179,36,'nombEstudio','lingüística aplicada',NULL),(180,36,'unam2','10',NULL),(181,38,'TipoInstProcedencia','1',NULL),(182,38,'IdPaisIns','151',NULL),(183,38,'UnivelEstudio','1',NULL),(184,38,'nombEstudio','Literatura Dramática y Teatro',NULL),(185,38,'FecExa','2012-10-22',NULL),(186,38,'Prom','851',NULL),(187,38,'unidad','IZT',NULL),(188,38,'division','CSH',NULL),(189,38,'NivEstudio','Especializacion',NULL),(190,38,'NomPosgrado','Pólitica y cultura en América Latina',NULL),(191,39,'tipoEstudio','5',NULL),(192,39,'nombEstudio','Educación Campo de Formación Docente en la Universidad Pedagógica Nacional',NULL),(193,39,'otroText','Titulo de la Universidad Autónoma de Baja California (UABC) como Licenciada en Docencia del Idioma Inglés.\nDe la maestría en la UPN falta realizar la investigacion y tesis. La parte académica ya se concluyó\n',NULL),(194,40,'TipoInstProcedencia','8',NULL),(195,40,'IdPaisIns','51',NULL),(196,40,'institucionProcedenciaOtra','Universidad La Salle del Noroeste',NULL),(197,40,'UnivelEstudio','1',NULL),(198,40,'nombEstudio','Diseño Gráfico',NULL),(199,40,'FecExa','2007-05-10',NULL),(200,40,'Prom','91',NULL),(201,40,'unidad','IZT',NULL),(202,40,'division','CSH',NULL),(203,40,'NivEstudio','Especializacion',NULL),(204,40,'NomPosgrado','Pólitica y cultura en América Latina',NULL),(205,40,'AreaConcentracion','Plan de Estudios',NULL),(206,41,'TipoInstProcedencia','1',NULL),(207,41,'IdPaisIns','151',NULL),(208,41,'UnivelEstudio','1',NULL),(209,41,'nombEstudio','Diseño Gráfico',NULL),(210,41,'FecExa','2012-08-03',NULL),(211,41,'Prom','10',NULL),(212,41,'unidad','IZT',NULL),(213,41,'division','CSH',NULL),(214,41,'NivEstudio','Especializacion',NULL),(215,41,'NomPosgrado','Pólitica y cultura en América Latina',NULL),(216,41,'AreaConcentracion','Virtual',NULL),(217,47,'TipoInstProcedencia','7',NULL),(218,47,'IdPaisIns','151',NULL),(219,47,'UnivelEstudio','1',NULL),(220,47,'nombEstudio','Psicología',NULL),(221,47,'Prom','8.83',NULL),(222,47,'unidad','IZT',NULL),(223,47,'division','CSH',NULL),(224,47,'NivEstudio','Especializacion',NULL),(225,47,'NomPosgrado','Pólitica y cultura en América Latina',NULL),(226,49,'tipoEstudio','3',NULL),(227,49,'nombEstudio','odontologia',NULL),(228,49,'toefl','11',NULL),(229,49,'puntuajeTOEFL','400',NULL),(240,51,'TipoInstProcedencia','1',NULL),(241,51,'IdPaisIns','151',NULL),(242,51,'UnivelEstudio','3',NULL),(243,51,'nombEstudio','Maestría en Organización de Organizaciones',NULL),(244,51,'FecExa','2010-04-14',NULL),(245,51,'Prom','9',NULL),(246,51,'unidad','IZT',NULL),(247,51,'division','CSH',NULL),(248,51,'NivEstudio','Especializacion',NULL),(249,51,'NomPosgrado','Pólitica y cultura en América Latina',NULL),(250,52,'TipoInstProcedencia','7',NULL),(251,52,'IdPaisIns','151',NULL),(252,52,'UnivelEstudio','3',NULL),(253,52,'unidad','IZT',NULL),(254,52,'division','CSH',NULL),(255,52,'NivEstudio','Especializacion',NULL),(256,52,'NomPosgrado','Pólitica y cultura en América Latina',NULL),(257,53,'TipoInstProcedencia','4',NULL),(258,53,'institucionProcedencia',' Por medio del acuerdo 286 SEP',NULL),(259,53,'IdPaisIns','151',NULL),(260,53,'UnivelEstudio','1',NULL),(261,53,'nombEstudio','Filosofia',NULL),(262,53,'FecExa','2009-11-06',NULL),(263,53,'Prom','Acreditado',NULL),(264,53,'unidad','IZT',NULL),(265,53,'division','CSH',NULL),(266,53,'NivEstudio','Especializacion',NULL),(267,53,'NomPosgrado','Pólitica y cultura en América Latina',NULL),(268,54,'TipoInstProcedencia','5',NULL),(269,54,'institucionProcedencia','Universidad Autónoma del Estado  de Hidalgo',NULL),(270,54,'IdPaisIns','151',NULL),(271,54,'UnivelEstudio','1',NULL),(272,54,'nombEstudio','Turismo',NULL),(273,54,'FecExa','2008-05-23',NULL),(274,54,'Prom','8.89',NULL),(275,54,'unidad','IZT',NULL),(276,54,'division','CSH',NULL),(277,54,'NivEstudio','Especializacion',NULL),(278,54,'NomPosgrado','Pólitica y cultura en América Latina',NULL),(279,54,'AreaConcentracion','Gestión de turismo cultural',NULL),(280,55,'TipoInstProcedencia','5',NULL),(281,55,'institucionProcedencia','UNIVERSIDAD AUTONOMA DE QUERETARO',NULL),(282,55,'IdPaisIns','151',NULL),(283,55,'UnivelEstudio','1',NULL),(284,55,'nombEstudio','LICENCIATURA EN EDUCACION MUSICAL',NULL),(285,55,'FecExa','2012-05-15',NULL),(286,55,'Prom','886',NULL),(287,55,'unidad','IZT',NULL),(288,55,'division','CSH',NULL),(289,55,'NivEstudio','Especializacion',NULL),(290,55,'NomPosgrado','Pólitica y cultura en América Latina',NULL),(291,56,'TipoInstProcedencia','4',NULL),(292,56,'institucionProcedencia','Universidad del Claustra de Sor Juana',NULL),(293,56,'IdPaisIns','151',NULL),(294,56,'UnivelEstudio','1',NULL),(295,56,'nombEstudio','Estudios y Gestión de la Cultura',NULL),(296,56,'FecExa','2012-05-03',NULL),(297,56,'Prom','96',NULL),(298,56,'unidad','IZT',NULL),(299,56,'division','CSH',NULL),(300,56,'NivEstudio','Especializacion',NULL),(301,56,'NomPosgrado','Pólitica y cultura en América Latina',NULL),(302,56,'AreaConcentracion','políticas culturales',NULL),(303,57,'TipoInstProcedencia','8',NULL),(304,57,'IdPaisIns','51',NULL),(305,57,'institucionProcedenciaOtra','Universidad del Valle de Mexico',NULL),(306,57,'UnivelEstudio','1',NULL),(307,57,'nombEstudio','Ciencias de la Comunicación',NULL),(308,58,'TipoInstProcedencia','4',NULL),(309,58,'institucionProcedencia','ESCUELA NACIONAL DE ANTROPOLOGÍA E HISTORIA',NULL),(310,58,'IdPaisIns','151',NULL),(311,58,'UnivelEstudio','1',NULL),(312,58,'nombEstudio','LICENCIATURA EN ARQUEOLOGÍA',NULL),(313,58,'FecExa','1997-03-07',NULL),(314,58,'Prom','8.7',NULL),(315,58,'unidad','IZT',NULL),(316,58,'division','CSH',NULL),(317,58,'NivEstudio','Especializacion',NULL),(318,58,'NomPosgrado','Pólitica y cultura en América Latina',NULL),(319,58,'AreaConcentracion','PATRIMONIO HISTÓRICO Y ARQUEOLÓGICO',NULL),(320,59,'TipoInstProcedencia','7',NULL),(321,59,'IdPaisIns','151',NULL),(322,59,'UnivelEstudio','1',NULL),(323,59,'nombEstudio','sociología',NULL),(324,62,'TipoInstProcedencia','7',NULL),(325,62,'IdPaisIns','151',NULL),(326,62,'UnivelEstudio','1',NULL),(327,62,'nombEstudio','CIENCIA POLITICA',NULL),(328,62,'FecExa','2013-12-01',NULL),(329,62,'Prom','82',NULL),(330,62,'unidad','IZT',NULL),(331,62,'division','CSH',NULL),(332,62,'NivEstudio','Especializacion',NULL),(333,62,'NomPosgrado','Pólitica y cultura en América Latina',NULL),(334,62,'AreaConcentracion','Posgrado Virtual en Política y Cultura en América Latina',NULL),(335,63,'TipoInstProcedencia','4',NULL),(336,63,'institucionProcedencia','Universidad del Valle de México',NULL),(337,63,'IdPaisIns','151',NULL),(338,63,'UnivelEstudio','1',NULL),(339,63,'nombEstudio','Ciencias de la Comunicación',NULL),(340,63,'FecExa','2000-09-11',NULL),(341,63,'Prom','96',NULL),(342,63,'unidad','IZT',NULL),(343,63,'division','CSH',NULL),(344,63,'NivEstudio','Especializacion',NULL),(345,63,'NomPosgrado','Pólitica y cultura en América Latina',NULL),(346,63,'AreaConcentracion','Gestión Cultural',NULL),(347,64,'TipoInstProcedencia','1',NULL),(348,64,'IdPaisIns','151',NULL),(349,64,'UnivelEstudio','1',NULL),(350,64,'nombEstudio','Psicología',NULL),(351,64,'FecExa','2002-04-12',NULL),(352,64,'Prom','8',NULL),(353,64,'unidad','IZT',NULL),(354,64,'division','CSH',NULL),(355,64,'NivEstudio','Especializacion',NULL),(356,64,'NomPosgrado','Pólitica y cultura en América Latina',NULL),(357,65,'TipoInstProcedencia','8',NULL),(358,65,'IdPaisIns','51',NULL),(359,65,'institucionProcedenciaOtra','UANL',NULL),(360,65,'UnivelEstudio','1',NULL),(361,65,'nombEstudio','Lic. en Cuencia de los Alimentos',NULL),(362,65,'FecExa','2013-04-19',NULL),(363,65,'unidad','IZT',NULL),(364,65,'division','CSH',NULL),(365,65,'NivEstudio','Especializacion',NULL),(366,65,'NomPosgrado','Pólitica y cultura en América Latina',NULL),(367,66,'TipoInstProcedencia','7',NULL),(368,66,'IdPaisIns','151',NULL),(369,66,'UnivelEstudio','1',NULL),(370,66,'nombEstudio','ECONOMIA',NULL),(371,66,'FecExa','2013-06-21',NULL),(372,66,'Prom','8',NULL),(373,66,'unidad','IZT',NULL),(374,66,'division','CSH',NULL),(375,66,'NivEstudio','Especializacion',NULL),(376,66,'NomPosgrado','Pólitica y cultura en América Latina',NULL),(377,66,'AreaConcentracion','ECONOMÍA DEL DESARROLLO',NULL),(378,67,'TipoInstProcedencia','8',NULL),(379,67,'IdPaisIns','51',NULL),(380,67,'institucionProcedenciaOtra','Universidad de Quintana Roo',NULL),(381,67,'UnivelEstudio','1',NULL),(382,67,'nombEstudio','Humanidades ',NULL),(383,68,'TipoInstProcedencia','7',NULL),(384,68,'IdPaisIns','151',NULL),(385,68,'UnivelEstudio','1',NULL),(386,68,'nombEstudio','psicologia social ',NULL),(387,68,'Prom','9.92',NULL),(388,68,'unidad','IZT',NULL),(389,68,'division','CSH',NULL),(390,68,'NivEstudio','Especializacion',NULL),(391,68,'NomPosgrado','Pólitica y cultura en América Latina',NULL),(392,69,'TipoInstProcedencia','5',NULL),(393,69,'institucionProcedencia','Universidad Autónoma de Nayarit',NULL),(394,69,'IdPaisIns','151',NULL),(395,69,'UnivelEstudio','1',NULL),(396,69,'nombEstudio','Ciencia Política ',NULL),(397,69,'FecExa','2011-10-25',NULL),(398,69,'Prom','80',NULL),(399,69,'unidad','IZT',NULL),(400,69,'division','CSH',NULL),(401,69,'NivEstudio','Especializacion',NULL),(402,69,'NomPosgrado','Pólitica y cultura en América Latina',NULL),(403,70,'TipoInstProcedencia','7',NULL),(404,70,'IdPaisIns','151',NULL),(405,70,'UnivelEstudio','1',NULL),(406,70,'nombEstudio','ANTROPOLOGiA SOCIAL',NULL),(407,70,'FecExa','2012/06/01',NULL),(408,70,'Prom','9',NULL),(409,70,'unidad','IZT',NULL),(410,70,'division','CSH',NULL),(411,70,'NivEstudio','Especializacion',NULL),(412,70,'NomPosgrado','Pólitica y cultura en América Latina',NULL),(413,70,'AreaConcentracion','APROXIMACIÓN INTERPRETATIVA',NULL),(414,71,'TipoInstProcedencia','5',NULL),(415,71,'institucionProcedencia','Universidad Veracruzana',NULL),(416,71,'IdPaisIns','151',NULL),(417,71,'UnivelEstudio','1',NULL),(418,71,'nombEstudio','Licenciatura en música opción piano',NULL),(419,71,'FecExa','2011-08-31',NULL),(420,71,'Prom','88',NULL),(421,71,'unidad','IZT',NULL),(422,71,'division','CSH',NULL),(423,71,'NivEstudio','Especializacion',NULL),(424,71,'NomPosgrado','Pólitica y cultura en América Latina',NULL),(425,74,'TipoInstProcedencia','4',NULL),(426,74,'IdPaisIns','151',NULL),(427,74,'UnivelEstudio','1',NULL),(428,74,'nombEstudio','Relaciones Internacionales',NULL),(429,74,'FecExa','2006-05-01',NULL),(430,74,'Prom','7.8',NULL),(431,74,'unidad','IZT',NULL),(432,74,'division','CSH',NULL),(433,74,'NivEstudio','Especializacion',NULL),(434,74,'NomPosgrado','Pólitica y cultura en América Latina',NULL),(435,75,'TipoInstProcedencia','8',NULL),(436,75,'IdPaisIns','51',NULL),(437,75,'institucionProcedenciaOtra','Universidad de las Américas Puebla',NULL),(438,75,'UnivelEstudio','1',NULL),(439,75,'nombEstudio','Ciencias de la Comunicación',NULL),(440,75,'FecExa','2006-06-09',NULL),(441,75,'Prom','97',NULL),(442,75,'unidad','IZT',NULL),(443,75,'division','CSH',NULL),(444,75,'NivEstudio','Especializacion',NULL),(445,75,'NomPosgrado','Pólitica y cultura en América Latina',NULL),(446,76,'TipoInstProcedencia','1',NULL),(447,76,'IdPaisIns','151',NULL),(448,76,'UnivelEstudio','1',NULL),(449,76,'nombEstudio','Diseño Gráfico',NULL),(450,76,'FecExa','2008-03-13',NULL),(451,76,'Prom','9',NULL),(452,76,'unidad','IZT',NULL),(453,76,'division','CSH',NULL),(454,76,'NivEstudio','Especializacion',NULL),(455,76,'NomPosgrado','Pólitica y cultura en América Latina',NULL),(456,77,'TipoInstProcedencia','4',NULL),(457,77,'institucionProcedencia','Universidad del Claustro de Sor Juana',NULL),(458,77,'IdPaisIns','151',NULL),(459,77,'UnivelEstudio','1',NULL),(460,77,'nombEstudio','Licenciada en Ciencias de la Cultura',NULL),(461,77,'FecExa','2010-10-18',NULL),(462,77,'Prom','97',NULL),(463,77,'unidad','IZT',NULL),(464,77,'division','CSH',NULL),(465,77,'NivEstudio','Especializacion',NULL),(466,77,'NomPosgrado','Pólitica y cultura en América Latina',NULL),(467,78,'TipoInstProcedencia','5',NULL),(468,78,'institucionProcedencia','Universidad Autónoma del Estado de Hidalgo',NULL),(469,78,'IdPaisIns','151',NULL),(470,78,'UnivelEstudio','1',NULL),(471,78,'nombEstudio','Artes Visuales',NULL),(472,78,'unidad','IZT',NULL),(473,78,'division','CSH',NULL),(474,78,'NivEstudio','Especializacion',NULL),(475,78,'NomPosgrado','Pólitica y cultura en América Latina',NULL),(483,85,'TipoInstProcedencia','8',NULL),(484,85,'IdPaisIns','51',NULL),(485,85,'institucionProcedenciaOtra','Universidad Interamericana',NULL),(486,85,'UnivelEstudio','1',NULL),(487,85,'nombEstudio','Relaciones Internacionales',NULL),(488,85,'FecExa','1999-12-02',NULL),(489,85,'Prom','87',NULL),(490,85,'unidad','IZT',NULL),(491,85,'division','CSH',NULL),(492,85,'NivEstudio','Especializacion',NULL),(493,85,'NomPosgrado','Pólitica y cultura en América Latina',NULL),(494,86,'TipoInstProcedencia','8',NULL),(495,86,'IdPaisIns','51',NULL),(496,86,'institucionProcedenciaOtra','Escuela de Conservación y Restauración de Occidente',NULL),(497,86,'UnivelEstudio','1',NULL),(498,86,'nombEstudio','Restauración de bienes muebles',NULL),(499,86,'FecExa','05-11-2010',NULL),(500,86,'Prom','87',NULL),(501,86,'unidad','IZT',NULL),(502,86,'division','CSH',NULL),(503,86,'NivEstudio','Especializacion',NULL),(504,86,'NomPosgrado','Pólitica y cultura en América Latina',NULL),(507,88,'TipoInstProcedencia','1',NULL),(508,88,'IdPaisIns','151',NULL),(509,88,'UnivelEstudio','1',NULL),(510,88,'nombEstudio','Periodismo',NULL),(511,89,'TipoInstProcedencia','8',NULL),(512,89,'IdPaisIns','85',NULL),(513,89,'institucionProcedenciaOtra','Universidad Tecnológica de Pereira',NULL),(514,89,'UnivelEstudio','1',NULL),(515,89,'nombEstudio','en Español y Literatura',NULL),(516,89,'FecExa','2010-12-17',NULL),(517,89,'Prom','45',NULL),(518,89,'unidad','IZT',NULL),(519,89,'division','CSH',NULL),(520,89,'NivEstudio','Especializacion',NULL),(521,89,'NomPosgrado','Pólitica y cultura en América Latina',NULL),(522,90,'TipoInstProcedencia','8',NULL),(523,90,'IdPaisIns','52',NULL),(524,90,'institucionProcedenciaOtra','Atlantic International University',NULL),(525,90,'UnivelEstudio','3',NULL),(526,90,'nombEstudio','Gestión Cultural',NULL),(527,90,'FecExa','2012-06-11',NULL),(528,90,'Prom','90',NULL),(529,90,'unidad','IZT',NULL),(530,90,'division','CSH',NULL),(531,90,'NivEstudio','Especializacion',NULL),(532,90,'NomPosgrado','Pólitica y cultura en América Latina',NULL),(533,90,'AreaConcentracion','-',NULL),(534,91,'TipoInstProcedencia','1',NULL),(535,91,'IdPaisIns','151',NULL),(536,91,'UnivelEstudio','1',NULL),(537,91,'nombEstudio','ADMINISTRACION',NULL),(538,92,'TipoInstProcedencia','7',NULL),(539,92,'IdPaisIns','151',NULL),(540,92,'UnivelEstudio','1',NULL),(541,92,'nombEstudio','Antropología Social',NULL),(542,92,'FecExa','2010-10-27',NULL),(543,92,'Prom','9',NULL),(544,92,'unidad','IZT',NULL),(545,92,'division','CSH',NULL),(546,92,'NivEstudio','Especializacion',NULL),(547,92,'NomPosgrado','Pólitica y cultura en América Latina',NULL),(548,93,'TipoInstProcedencia','4',NULL),(549,93,'institucionProcedencia','INSTITUTO DE INVESTIGACIONES DR. JOSÉ MARÍA LUIS MORA',NULL),(550,93,'IdPaisIns','151',NULL),(551,93,'UnivelEstudio','1',NULL),(552,93,'nombEstudio','HISTORIA CON ESPECIALIZACION EN GESTION DEL PATRIMONIO',NULL),(553,93,'FecExa','2013-01-16',NULL),(554,93,'Prom','9.4',NULL),(555,93,'unidad','IZT',NULL),(556,93,'division','CSH',NULL),(557,93,'NivEstudio','Especializacion',NULL),(558,93,'NomPosgrado','Pólitica y cultura en América Latina',NULL),(559,94,'TipoInstProcedencia','4',NULL),(560,94,'institucionProcedencia','Universidad Autónoma de Baja California',NULL),(561,94,'IdPaisIns','151',NULL),(562,94,'UnivelEstudio','1',NULL),(563,94,'nombEstudio','Licenciatura en Música',NULL),(564,94,'FecExa','2009-05-16',NULL),(565,94,'Prom','90',NULL),(566,94,'unidad','IZT',NULL),(567,94,'division','CSH',NULL),(568,94,'NivEstudio','Especializacion',NULL),(569,94,'NomPosgrado','Pólitica y cultura en América Latina',NULL),(570,95,'TipoInstProcedencia','3',NULL),(571,95,'institucionProcedencia','Universidad Don Vasco A.C.',NULL),(572,95,'IdPaisIns','151',NULL),(573,95,'UnivelEstudio','1',NULL),(574,95,'nombEstudio','Universidad Don Vasco A.C.',NULL),(575,95,'FecExa','1993-12-20',NULL),(576,95,'Prom','8.41',NULL),(577,95,'unidad','IZT',NULL),(578,95,'division','CSH',NULL),(579,95,'NivEstudio','Especializacion',NULL),(580,95,'NomPosgrado','Pólitica y cultura en América Latina',NULL),(581,96,'TipoInstProcedencia','2',NULL),(582,96,'IdPaisIns','151',NULL),(583,96,'UnivelEstudio','1',NULL),(584,96,'nombEstudio','Ingenieria en control y automatización',NULL),(585,96,'FecExa','2013-05-03',NULL),(586,96,'Prom','784',NULL),(587,96,'unidad','IZT',NULL),(588,96,'division','CSH',NULL),(589,96,'NivEstudio','Especializacion',NULL),(590,96,'NomPosgrado','Pólitica y cultura en América Latina',NULL),(591,96,'AreaConcentracion','fisico matematicas',NULL),(592,97,'TipoInstProcedencia','4',NULL),(593,97,'institucionProcedencia','Universidad del Valle de México',NULL),(594,97,'IdPaisIns','151',NULL),(595,97,'UnivelEstudio','1',NULL),(596,97,'nombEstudio',' Ciencias de la Comunicación',NULL),(597,97,'FecExa','8-02-2012',NULL),(598,97,'Prom','9.78',NULL),(599,97,'unidad','IZT',NULL),(600,97,'division','CSH',NULL),(601,97,'NivEstudio','Especializacion',NULL),(602,97,'NomPosgrado','Pólitica y cultura en América Latina',NULL),(603,96,'AceptAd','1',NULL),(618,100,'TipoInstProcedencia','1',NULL),(619,100,'IdPaisIns','151',NULL),(620,100,'UnivelEstudio','1',NULL),(621,100,'nombEstudio','Relaciones Internacionales',NULL),(622,100,'FecExa','1993-02-24',NULL),(623,100,'Prom','9',NULL),(624,100,'unidad','IZT',NULL),(625,100,'division','CSH',NULL),(626,100,'NivEstudio','Especializacion',NULL),(627,100,'NomPosgrado','Pólitica y cultura en América Latina',NULL),(628,100,'AreaConcentracion','Estudios culturales',NULL),(629,101,'TipoInstProcedencia','8',NULL),(630,101,'IdPaisIns','51',NULL),(631,101,'institucionProcedenciaOtra','Universidad Iberoamericana',NULL),(632,101,'UnivelEstudio','1',NULL),(633,101,'nombEstudio','Licenciatura en Administración de Empresas',NULL),(634,101,'FecExa','2002-07-17',NULL),(635,101,'Prom','98',NULL),(636,101,'division','CSH',NULL),(637,101,'NivEstudio','Especializacion',NULL),(638,101,'NomPosgrado','Pólitica y cultura en América Latina',NULL),(639,101,'AreaConcentracion','Gestión Cultural',NULL),(640,102,'TipoInstProcedencia','1',NULL),(641,102,'IdPaisIns','151',NULL),(642,102,'UnivelEstudio','1',NULL),(643,102,'nombEstudio','Pedagogía',NULL),(644,102,'FecExa','2003',NULL),(645,102,'Prom','879',NULL),(646,102,'unidad','IZT',NULL),(647,102,'division','CSH',NULL),(648,102,'NivEstudio','Especializacion',NULL),(649,102,'NomPosgrado','Pólitica y cultura en América Latina',NULL),(650,103,'TipoInstProcedencia','8',NULL),(651,103,'IdPaisIns','51',NULL),(652,103,'institucionProcedenciaOtra','CEDART MIGUEL CABRERA',NULL),(653,103,'UnivelEstudio','1',NULL),(654,103,'nombEstudio','HISTORIA',NULL),(655,104,'TipoInstProcedencia','5',NULL),(656,104,'institucionProcedencia','Universidad de Colima',NULL),(657,104,'IdPaisIns','151',NULL),(658,104,'UnivelEstudio','1',NULL),(659,104,'nombEstudio','Licenciatura en Danza Escénica',NULL),(660,105,'TipoInstProcedencia','8',NULL),(661,105,'IdPaisIns','51',NULL),(662,105,'institucionProcedenciaOtra','Universidad Autónoma del Estado de México',NULL),(663,105,'UnivelEstudio','1',NULL),(664,105,'nombEstudio','Licenciatura en Artes  Plásticas',NULL),(665,105,'FecExa','2011-03-30',NULL),(666,105,'Prom','86',NULL),(667,105,'division','CSH',NULL),(668,105,'NivEstudio','Especializacion',NULL),(669,105,'NomPosgrado','Pólitica y cultura en América Latina',NULL),(680,116,'TipoInstProcedencia','8',NULL),(681,116,'IdPaisIns','51',NULL),(682,116,'institucionProcedenciaOtra','Universidad del Tepeyac',NULL),(683,116,'UnivelEstudio','1',NULL),(684,116,'nombEstudio','Ciencias y Técnicas de la comunicación',NULL),(685,116,'FecExa','2001-06-11',NULL),(686,116,'Prom','9',NULL),(687,116,'unidad','IZT',NULL),(688,116,'division','CSH',NULL),(689,116,'NivEstudio','Especializacion',NULL),(690,116,'NomPosgrado','Pólitica y cultura en América Latina',NULL),(691,116,'AreaConcentracion','Iztapalapa',NULL),(692,26,'AceptAd','1',NULL),(693,38,'AceptAd','1',NULL),(694,34,'institucionProcedenciaOtra','No especificado',NULL),(695,41,'AceptAd','1',NULL),(696,47,'AceptAd','1',NULL),(697,53,'AceptAd','1',NULL),(698,56,'AceptAd','1',NULL),(699,58,'AceptAd','1',NULL),(700,62,'AceptAd','1',NULL),(701,64,'AceptAd','1',NULL),(702,65,'AceptAd','1',NULL),(703,68,'AceptAd','1',NULL),(704,69,'AceptAd','1',NULL),(705,71,'AceptAd','1',NULL),(706,75,'AceptAd','1',NULL),(707,76,'AceptAd','1',NULL),(708,117,'TipoInstProcedencia','5',NULL),(709,117,'institucionProcedencia','BENEMERITA UNIVERSIDAD AUTONOMA DE PUEBLA',NULL),(710,117,'IdPaisIns','151',NULL),(711,117,'UnivelEstudio','1',NULL),(712,117,'nombEstudio','EN ARTE DRAMATICO',NULL),(713,117,'FecExa','2004-01-23',NULL),(714,117,'Prom','84',NULL),(715,117,'unidad','IZT',NULL),(716,117,'division','CSH',NULL),(717,117,'NivEstudio','Especializacion',NULL),(718,117,'NomPosgrado','Pólitica y cultura en América Latina',NULL),(719,77,'AceptAd','1',NULL),(720,85,'AceptAd','1',NULL),(721,86,'AceptAd','1',NULL),(722,89,'AceptAd','1',NULL),(723,90,'AceptAd','1',NULL),(724,92,'AceptAd','1',NULL),(725,97,'AceptAd','1',NULL),(726,93,'AceptAd','1',NULL),(727,94,'AceptAd','1',NULL),(728,95,'AceptAd','1',NULL),(729,100,'AceptAd','1',NULL),(730,102,'AceptAd','1',NULL),(731,55,'AceptAd','1',NULL),(736,96,'AceptAE','1',NULL),(746,119,'TipoInstProcedencia','8',NULL),(747,119,'IdPaisIns','51',NULL),(748,119,'UnivelEstudio','1',NULL),(749,119,'nombEstudio','Instituto Tecnológico y de Estudios Superiores de Monterrey, Campus Querétaro',NULL),(750,119,'Prom','88',NULL),(751,119,'unidad','IZT',NULL),(752,119,'division','CSH',NULL),(753,119,'NivEstudio','Especializacion',NULL),(754,119,'NomPosgrado','Pólitica y cultura en América Latina',NULL),(755,26,'AceptAE','1',NULL),(756,38,'AceptAE','1',NULL),(757,41,'AceptAE','1',NULL),(758,56,'AceptAE','1',NULL),(759,58,'AceptAE','1',NULL),(760,64,'AceptAE','1',NULL),(761,68,'AceptAE','1',NULL),(762,62,'AceptAE','1',NULL),(763,47,'AceptAE','1',NULL),(764,65,'AceptAE','1',NULL),(765,69,'AceptAE','1',NULL),(766,34,'AceptAd','1',NULL),(767,119,'AceptAd','1',NULL),(768,120,'TipoInstProcedencia','5',NULL),(769,120,'institucionProcedencia','UNIVERSIDAD DE OCCIDENTE',NULL),(770,120,'IdPaisIns','151',NULL),(771,120,'UnivelEstudio','1',NULL),(772,120,'nombEstudio','LICENCIADO EN CIENCIAS DE LA COMUNICACION',NULL),(773,120,'FecExa','2003-05-13',NULL),(774,120,'Prom','9',NULL),(775,120,'unidad','IZT',NULL),(776,120,'division','CSH',NULL),(777,120,'NivEstudio','Especializacion',NULL),(778,120,'NomPosgrado','Pólitica y cultura en América Latina',NULL),(779,120,'AreaConcentracion','GESTION CULTURAL',NULL),(780,121,'TipoInstProcedencia','4',NULL),(781,121,'institucionProcedencia','Universidad Iberoamericana',NULL),(782,121,'IdPaisIns','151',NULL),(783,121,'UnivelEstudio','1',NULL),(784,121,'nombEstudio','Psicología',NULL),(785,121,'FecExa','2005-06-01',NULL),(786,121,'Prom','92',NULL),(787,121,'unidad','IZT',NULL),(788,121,'division','CSH',NULL),(789,121,'NivEstudio','Especializacion',NULL),(790,121,'NomPosgrado','Pólitica y cultura en América Latina',NULL),(791,122,'TipoInstProcedencia','8',NULL),(792,122,'IdPaisIns','51',NULL),(793,122,'institucionProcedenciaOtra','Universidad Autónoma Benito Juárez de Oaxaca ',NULL),(794,122,'UnivelEstudio','1',NULL),(795,122,'nombEstudio','Derecho y Ciencias Sociales ',NULL),(796,122,'FecExa','2005-02-04',NULL),(797,122,'Prom','81',NULL),(798,122,'unidad','IZT',NULL),(799,122,'division','CSH',NULL),(800,122,'NivEstudio','Especializacion',NULL),(801,122,'NomPosgrado','Pólitica y cultura en América Latina',NULL),(809,124,'TipoInstProcedencia','4',NULL),(810,124,'institucionProcedencia','Universidad del Valle de Atemajac',NULL),(811,124,'IdPaisIns','151',NULL),(812,124,'UnivelEstudio','1',NULL),(813,124,'nombEstudio','Ciencias y Técnicas de la Comunicación',NULL),(814,124,'FecExa','2011-06-09',NULL),(815,124,'Prom','9.78',NULL),(816,124,'unidad','IZT',NULL),(817,124,'division','CSH',NULL),(818,124,'NivEstudio','Especializacion',NULL),(819,124,'NomPosgrado','Pólitica y cultura en América Latina',NULL),(820,125,'TipoInstProcedencia','8',NULL),(821,125,'IdPaisIns','51',NULL),(822,125,'institucionProcedenciaOtra','Universidad Intercultural del Estado de Puebla',NULL),(823,125,'UnivelEstudio','3',NULL),(824,125,'nombEstudio','Ciencias Sociales con Especialidad en Desarrollo Municipal',NULL),(825,126,'TipoInstProcedencia','7',NULL),(826,126,'IdPaisIns','151',NULL),(827,126,'UnivelEstudio','1',NULL),(828,126,'nombEstudio','Psicología Social',NULL),(829,126,'FecExa','2005-10-11',NULL),(830,126,'Prom','8.68',NULL),(831,126,'unidad','IZT',NULL),(832,126,'division','CSH',NULL),(833,126,'NivEstudio','Especializacion',NULL),(834,126,'NomPosgrado','Pólitica y cultura en América Latina',NULL),(835,116,'AceptAd','1',NULL),(836,127,'TipoInstProcedencia','5',NULL),(837,127,'institucionProcedencia','Universidad Autónoma de Sinaloa',NULL),(838,127,'IdPaisIns','151',NULL),(839,127,'UnivelEstudio','1',NULL),(840,127,'nombEstudio','Lengua y Literatura Hispánicas',NULL),(841,127,'FecExa','2012-05-17',NULL),(842,127,'Prom','989',NULL),(843,127,'unidad','IZT',NULL),(844,127,'division','CSH',NULL),(845,127,'NivEstudio','Especializacion',NULL),(846,127,'NomPosgrado','Pólitica y cultura en América Latina',NULL),(847,127,'AreaConcentracion','Virtual',NULL),(848,105,'AceptAd','1',NULL),(850,117,'AceptAd','1',NULL),(851,120,'AceptAd','1',NULL),(852,121,'AceptAd','1',NULL),(853,122,'AceptAd','1',NULL),(854,124,'AceptAd','1',NULL),(855,126,'AceptAd','1',NULL),(856,127,'AceptAd','1',NULL),(857,128,'TipoInstProcedencia','1',NULL),(858,128,'IdPaisIns','151',NULL),(859,128,'UnivelEstudio','1',NULL),(860,128,'nombEstudio','DERECHO',NULL),(861,128,'FecExa','2011-12-07',NULL),(862,128,'Prom','88',NULL),(863,128,'unidad','IZT',NULL),(864,128,'division','CSH',NULL),(865,128,'NivEstudio','Especializacion',NULL),(866,128,'NomPosgrado','Pólitica y cultura en América Latina',NULL),(867,128,'AreaConcentracion','LEGAL',NULL),(868,128,'AceptAd','1',NULL),(869,129,'TipoInstProcedencia','4',NULL),(870,129,'institucionProcedencia','UNIVERSIDAD TANGAMANGA',NULL),(871,129,'IdPaisIns','151',NULL),(872,129,'UnivelEstudio','1',NULL),(873,129,'nombEstudio','EN CIENCIAS POLITICAS',NULL),(874,129,'FecExa','2007-11-09',NULL),(875,129,'Prom','89',NULL),(876,129,'unidad','IZT',NULL),(877,129,'division','CSH',NULL),(878,129,'NivEstudio','Especializacion',NULL),(879,129,'NomPosgrado','Pólitica y cultura en América Latina',NULL),(880,130,'TipoInstProcedencia','8',NULL),(881,130,'IdPaisIns','51',NULL),(882,130,'institucionProcedenciaOtra','ITESM',NULL),(883,130,'UnivelEstudio','1',NULL),(884,130,'nombEstudio','MERCADOTECNIA',NULL),(885,76,'AceptAE','1',NULL),(886,77,'AceptAE','1',NULL),(887,85,'AceptAE','1',NULL),(888,89,'AceptAE','1',NULL),(889,90,'AceptAE','1',NULL),(890,92,'AceptAE','1',NULL),(891,93,'AceptAE','1',NULL),(892,94,'AceptAE','1',NULL),(893,97,'AceptAE','1',NULL),(894,53,'AceptAE','1',NULL),(895,55,'AceptAE','1',NULL),(896,129,'AceptAd','1',NULL),(897,63,'AceptAd','1',NULL),(898,75,'AceptAE','1',NULL),(899,100,'AceptAE','1',NULL),(900,119,'AceptAE','1',NULL),(901,105,'AceptAE','1',NULL),(902,116,'AceptAE','1',NULL),(903,131,'TipoInstProcedencia','1',NULL),(904,131,'IdPaisIns','151',NULL),(905,131,'UnivelEstudio','1',NULL),(906,131,'nombEstudio','Licenciatura en Educación Preescolar y Licenciatura en Historia',NULL),(907,131,'FecExa','2007-10-23',NULL),(908,131,'Prom','953',NULL),(909,131,'unidad','IZT',NULL),(910,131,'division','CSH',NULL),(911,131,'NivEstudio','Especializacion',NULL),(912,131,'NomPosgrado','Pólitica y cultura en América Latina',NULL),(913,95,'AceptAE','1',NULL),(914,117,'AceptAE','1',NULL),(915,121,'AceptAE','1',NULL),(916,127,'AceptAE','1',NULL),(917,128,'AceptAE','0',NULL),(918,129,'AceptAE','1',NULL),(919,122,'AceptAE','1',NULL),(920,124,'AceptAE','1',NULL),(921,131,'AceptAd','1',NULL),(922,63,'AceptAE','1',NULL),(923,131,'AceptAE','1',NULL),(924,71,'AceptAE','1',NULL),(925,102,'AceptAE','1',NULL),(926,132,'TipoInstProcedencia','5',NULL),(927,132,'institucionProcedencia','Universidad Autonoma de la ciudad de Mexico',NULL),(928,132,'IdPaisIns','151',NULL),(929,132,'UnivelEstudio','1',NULL),(930,132,'nombEstudio','Arte y Patriomonio Cultural',NULL),(931,132,'FecExa','2012-06-25',NULL),(932,132,'Prom','95',NULL),(933,132,'unidad','IZT',NULL),(934,132,'division','CSH',NULL),(935,132,'NivEstudio','Especializacion',NULL),(936,132,'NomPosgrado','Pólitica y cultura en América Latina',NULL),(937,34,'AceptAE','1',NULL),(938,132,'AceptAd','1',NULL),(939,132,'AceptAE','1',NULL),(940,57,'AceptAd','1',NULL),(941,125,'AceptAd','1',NULL),(942,104,'AceptAd','1',NULL),(943,125,'AceptAE','1',NULL),(944,57,'AceptAE','1',NULL),(945,126,'AceptAE','0',NULL),(948,77,'AceptAp','1',NULL),(949,126,'SuspUsr','1',NULL),(950,27,'SuspUsr','1',NULL),(951,40,'SuspUsr','1',NULL),(952,51,'SuspUsr','1',NULL),(953,52,'SuspUsr','1',NULL),(954,66,'SuspUsr','1',NULL),(955,70,'SuspUsr','1',NULL),(956,74,'SuspUsr','1',NULL),(957,78,'SuspUsr','1',NULL),(958,86,'SuspUsr','1',NULL),(959,101,'SuspUsr','1',NULL),(960,104,'AceptAE','1',NULL),(961,120,'SuspUsr','1',NULL),(962,128,'SuspUsr','1',NULL),(963,96,'AceptAp','1',NULL),(964,96,'AceptAdc','1',NULL),(965,96,'AceptAm','1',NULL),(966,133,'TipoInstProcedencia','7',NULL),(967,133,'IdPaisIns','151',NULL),(968,133,'UnivelEstudio','1',NULL),(969,133,'nombEstudio','ANTROPOLOGIA SOCIAL',NULL),(970,133,'FecExa','1998-04-10',NULL),(971,133,'Prom','93',NULL),(972,133,'unidad','IZT',NULL),(973,133,'division','CSH',NULL),(974,133,'NivEstudio','Especializacion',NULL),(975,133,'NomPosgrado','Pólitica y cultura en América Latina',NULL),(976,133,'AreaConcentracion','CULTURA',NULL),(977,134,'TipoInstProcedencia','8',NULL),(978,134,'IdPaisIns','84',NULL),(979,134,'institucionProcedenciaOtra','UNIVERSIDAD GABRIELA MISTRAL',NULL),(980,134,'UnivelEstudio','1',NULL),(981,134,'nombEstudio','PERIODISMO HISTORIA',NULL),(982,134,'FecExa','21-03-1981',NULL),(983,134,'Prom','93',NULL),(984,134,'unidad','IZT',NULL),(985,134,'division','CSH',NULL),(986,134,'NivEstudio','Especializacion',NULL),(987,134,'NomPosgrado','Pólitica y cultura en América Latina',NULL),(988,134,'AreaConcentracion','CULTURA',NULL),(989,133,'AceptAd','1',NULL),(990,134,'AceptAd','1',NULL),(991,41,'AceptAp','1',NULL),(992,62,'AceptAp','1',NULL),(993,92,'AceptAp','1',NULL),(994,133,'AceptAE','1',NULL),(995,134,'AceptAE','1',NULL),(996,38,'AceptAp','1',NULL),(997,95,'AceptAp','1',NULL),(998,64,'AceptAp','1',NULL),(999,69,'AceptAp','1',NULL),(1000,76,'AceptAp','1',NULL),(1001,93,'AceptAp','1',NULL),(1002,131,'AceptAp','1',NULL),(1003,57,'AceptAp','1',NULL),(1004,97,'AceptAp','1',NULL),(1005,90,'AceptAp','1',NULL),(1006,85,'AceptAp','1',NULL),(1007,53,'AceptAp','1',NULL),(1008,58,'AceptAp','1',NULL),(1009,63,'AceptAp','1',NULL),(1010,100,'AceptAp','1',NULL),(1011,102,'AceptAp','1',NULL),(1012,117,'AceptAp','1',NULL),(1013,124,'AceptAp','1',NULL),(1014,130,'AceptAd','1',NULL),(1015,130,'AceptAp','1',NULL),(1016,71,'AceptAp','1',NULL),(1017,119,'AceptAp','1',NULL),(1018,135,'TipoInstProcedencia','8',NULL),(1019,135,'IdPaisIns','16',NULL),(1020,135,'institucionProcedenciaOtra','Escuela del Louvre y Universidad Paris VIII',NULL),(1021,135,'UnivelEstudio','1',NULL),(1022,135,'nombEstudio','Historia del Arte (Escuela del Louvre) y Literatura Francesa (Universidad Paris VIII)',NULL),(1023,136,'TipoInstProcedencia','1',NULL),(1024,136,'IdPaisIns','151',NULL),(1025,136,'UnivelEstudio','1',NULL),(1026,137,'TipoInstProcedencia','5',NULL),(1027,137,'institucionProcedencia','Universidad Michoacana de San Nicolás de Hidalgo',NULL),(1028,137,'IdPaisIns','151',NULL),(1029,137,'UnivelEstudio','3',NULL),(1030,137,'nombEstudio','Filosofía de la Cultura ',NULL),(1031,138,'InstProcedencia','2',NULL),(1032,138,'UGradoEstudio','3',NULL),(1033,138,'NivelEProfP','1',NULL),(1034,138,'UltimaMateria','sdfgsdg',NULL),(1035,138,'AExp','3',NULL),(1036,138,'ExpEst','1',NULL),(1037,138,'NAcademicoEst','asdfas',NULL),(1038,138,'NomCusoEst','dfasdfas',NULL),(1039,138,'HorasDisp','3',NULL),(1040,130,'AceptAE','1',NULL),(1041,135,'AceptAd','1',NULL),(1042,135,'AceptAE','1',NULL),(1043,137,'AceptAd','1',NULL),(1044,137,'AceptAE','1',NULL),(1045,139,'InstProcedencia','3',NULL),(1046,139,'UGradoEstudio','1',NULL),(1047,139,'NivelEProfP','1',NULL),(1048,139,'UltimaMateria','ASDFASF',NULL),(1049,139,'AExp','1',NULL),(1050,139,'ExpEst','1',NULL),(1051,139,'NAcademicoEst','ASFDF',NULL),(1052,139,'NomCusoEst','SADFASDF',NULL),(1053,139,'HorasDisp','1',NULL),(1054,140,'InstProcedencia','1',NULL),(1055,140,'UGradoEstudio','1',NULL),(1056,140,'NivelEProfU','2',NULL),(1057,140,'UltimaMateria','aaaaa',NULL),(1058,140,'AExp','1',NULL),(1059,140,'ExpEst','2',NULL),(1060,140,'HorasDisp','1',NULL),(1061,145,'InstProcedencia','2',NULL),(1062,145,'UGradoEstudio','1',NULL),(1063,145,'NivelEProfP','1',NULL),(1064,145,'UltimaMateria','aaaa',NULL),(1065,145,'AExp','1',NULL),(1066,145,'ExpEst','2',NULL),(1067,145,'HorasDisp','1',NULL),(1068,147,'InstProcedencia','3',NULL),(1069,147,'UGradoEstudio','1',NULL),(1070,147,'NivelEProfP','1',NULL),(1071,147,'UltimaMateria','lihjhj',NULL),(1072,147,'AExp','1',NULL),(1073,147,'ExpEst','2',NULL),(1074,147,'HorasDisp','1',NULL),(1075,149,'InstProcedencia','1',NULL),(1076,149,'UGradoEstudio','1',NULL),(1077,149,'NivelEProfBa','4',NULL),(1078,149,'UltimaMateria','reti',NULL),(1079,149,'AExp','1',NULL),(1080,149,'ExpEst','2',NULL),(1081,149,'HorasDisp','1',NULL),(1082,150,'InstProcedencia','1',NULL),(1083,150,'UGradoEstudio','1',NULL),(1084,150,'NivelEProfP','1',NULL),(1085,150,'UltimaMateria','sdfasdf',NULL),(1086,150,'AExp','1',NULL),(1087,150,'ExpEst','2',NULL),(1088,150,'HorasDisp','1',NULL),(1106,157,'Edad','30',NULL),(1107,157,'InstProcedencia','4',NULL),(1108,157,'UGradoEstudio','2',NULL),(1109,157,'ExpEst','2',NULL),(1115,159,'Edad','34',NULL),(1116,159,'InstProcedencia','4',NULL),(1117,159,'UGradoEstudio','4',NULL),(1118,159,'ExpEst','1',NULL),(1119,159,'NAcademicoEst','Preprimari',NULL),(1120,162,'Edad','34',NULL),(1121,162,'InstProcedencia','4',NULL),(1122,162,'UGradoEstudio','4',NULL),(1123,162,'ExpEst','1',NULL),(1124,162,'NAcademicoEst','Preprimari',NULL),(1125,163,'Edad','234',NULL),(1126,163,'email2','sdafasdfasdf@sasfsad.com',NULL),(1127,163,'InstProcedencia','1',NULL),(1128,163,'UGradoEstudio','5',NULL),(1129,163,'UGradoEstudioOtro','sadfsadfsadf',NULL),(1130,163,'ExpEst','1',NULL),(1131,163,'NAcademicoEst','sadfasdfsadf',NULL),(1132,163,'NomCusoEst','asdfasdf',NULL),(1133,164,'Edad','45',NULL),(1134,164,'InstProcedencia','1',NULL),(1135,164,'UGradoEstudio','1',NULL),(1136,164,'ExpEst','2',NULL),(1141,166,'Edad','455',NULL),(1142,166,'InstProcedencia','1',NULL),(1143,166,'UGradoEstudio','1',NULL),(1144,166,'ExpEst','2',NULL),(1153,174,'Edad','32',NULL),(1154,174,'InstProcedencia','1',NULL),(1155,174,'UGradoEstudio','1',NULL),(1156,174,'ExpEst','2',NULL),(1161,180,'Edad','78',NULL),(1162,180,'InstProcedencia','1',NULL),(1163,180,'UGradoEstudio','1',NULL),(1164,180,'ExpEst','2',NULL),(1169,182,'Edad','26',NULL),(1170,182,'email2','leoncito25fer@gmail.com',NULL),(1171,182,'InstProcedencia','6',NULL),(1172,182,'InstProcedenciaOtra','SEP Secundaria 236 Iztapalapa',NULL),(1173,182,'UGradoEstudio','1',NULL),(1174,182,'ExpEst','1',NULL),(1175,182,'NAcademicoEst','Estudiante en cursos de varias instituciones',NULL),(1176,182,'NomCusoEst','Varios cursos en: Tec de Monterrey, UNAM, UAM, Museo MARCO, Centro de actualziación de maestros SEP',NULL),(1182,184,'Edad','25',NULL),(1183,184,'email2','beto_svom@hotmail.com',NULL),(1184,184,'InstProcedencia','6',NULL),(1185,184,'InstProcedenciaOtra','Universidad Autonoma de Chiapas',NULL),(1186,184,'UGradoEstudio','2',NULL),(1187,184,'ExpEst','1',NULL),(1188,184,'NAcademicoEst','Posgrado',NULL),(1189,184,'NomCusoEst','Lic. Tecnologias de la información y comunicación aplicadas a la educacióo, Diplomado en Alfabetización Informacional para Investigadores Universitarios (UNACH), Diplomado: Diseño y Construcción de Recursos Multimedia para Fortalecer la Practica Docente (UNACH), Taller: Recursos Educativos Abiertos (UNICACH), I Encuentro Virtual sobre TIC y Enseñanza en el Nivel Superior UBATIC+, por la Universidad de Buenos Aires, Foro Estudiar en Línea: Aciertos y Dificultades, por la Universidad Virtual del Estado de Michoacán. Curso  en Línea: Brecha Digital, por la Universidad de Guadalajara  y Habilidades de Aprendizaje en Entornos Virtuales (UAMI).',NULL),(1190,185,'Edad','20',NULL),(1191,185,'InstProcedencia','1',NULL),(1192,185,'UGradoEstudio','1',NULL),(1193,185,'ExpEst','2',NULL),(1194,188,'Edad','37',NULL),(1195,188,'email2','liz_mevr@hotmail.com',NULL),(1196,188,'InstProcedencia','2',NULL),(1197,188,'UGradoEstudio','1',NULL),(1198,188,'ExpEst','1',NULL),(1199,188,'NAcademicoEst','Licenciatura',NULL),(1200,188,'NomCusoEst','Habilidades de aprendizaje en entornos virtuales, Habilidades en lectura en línea, Habilidades ejecutivas del emprendedor, Habilidades ejecutivas del emprendedor II',NULL),(1201,189,'Edad','38',NULL),(1202,189,'InstProcedencia','1',NULL),(1203,189,'UGradoEstudio','1',NULL),(1204,189,'ExpEst','2',NULL),(1205,190,'Edad','30',NULL),(1206,190,'email2','virisnice25@yahoo.com.mx',NULL),(1207,190,'InstProcedencia','6',NULL),(1208,190,'InstProcedenciaOtra','Lic. Comunicación y PeriodIsmo UNAM',NULL),(1209,190,'UGradoEstudio','1',NULL),(1210,190,'ExpEst','2',NULL),(1211,191,'Edad','42',NULL),(1212,191,'InstProcedencia','6',NULL),(1213,191,'InstProcedenciaOtra','Pedagogía',NULL),(1214,191,'UGradoEstudio','1',NULL),(1215,191,'ExpEst','1',NULL),(1216,191,'NAcademicoEst','Maestría',NULL),(1217,191,'NomCusoEst','Maestría en Educación',NULL),(1222,196,'Edad','50',NULL),(1223,196,'InstProcedencia','1',NULL),(1224,196,'UGradoEstudio','2',NULL),(1225,196,'ExpEst','2',NULL),(1226,197,'Edad','38',NULL),(1227,197,'InstProcedencia','6',NULL),(1228,197,'InstProcedenciaOtra','lic en Pedagogía',NULL),(1229,197,'UGradoEstudio','1',NULL),(1230,197,'ExpEst','1',NULL),(1231,197,'NAcademicoEst','Licenciatura',NULL),(1232,197,'NomCusoEst','Desarrollo en competencias docentes',NULL),(1233,201,'Edad','29',NULL),(1234,201,'InstProcedencia','2',NULL),(1235,201,'UGradoEstudio','1',NULL),(1236,201,'ExpEst','1',NULL),(1237,201,'NAcademicoEst','Licenciatura',NULL),(1238,201,'NomCusoEst','Redacción de ensayos académicos',NULL),(1239,202,'Edad','58',NULL),(1240,202,'email2','eayala08@gmail.com',NULL),(1241,202,'InstProcedencia','1',NULL),(1242,202,'UGradoEstudio','2',NULL),(1243,202,'ExpEst','2',NULL),(1244,203,'Edad','59',NULL),(1245,203,'email2','mcmmcomp@gmail.com',NULL),(1246,203,'InstProcedencia','1',NULL),(1247,203,'UGradoEstudio','2',NULL),(1248,203,'ExpEst','1',NULL),(1249,203,'NAcademicoEst','Curso de actualización ',NULL),(1250,203,'NomCusoEst','¿qué es la educación virtual? y crear mi aula virtual en moodle',NULL),(1251,205,'Edad','32',NULL),(1252,205,'email2','ben.politik@gmail.com',NULL),(1253,205,'InstProcedencia','1',NULL),(1254,205,'UGradoEstudio','2',NULL),(1255,205,'ExpEst','1',NULL),(1256,205,'NAcademicoEst','Licenciatura',NULL),(1257,205,'NomCusoEst','Ingeniería en desarrollo de Software, Unad México y Cursos en www.miriadax.net y www.coursera.org',NULL),(1258,206,'Edad','31',NULL),(1259,206,'email2','uregionalmichoacan@gmail.com',NULL),(1260,206,'InstProcedencia','1',NULL),(1261,206,'UGradoEstudio','5',NULL),(1262,206,'UGradoEstudioOtro','Especialización',NULL),(1263,206,'ExpEst','1',NULL),(1264,206,'NAcademicoEst','Especialización',NULL),(1265,206,'NomCusoEst','Posgrado Virtual en Políticas Culturales y Gestión Cultural- UAMI',NULL),(1270,208,'Edad','25',NULL),(1271,208,'email2','stevenmaster_19@live.com.mx',NULL),(1272,208,'InstProcedencia','1',NULL),(1273,208,'UGradoEstudio','1',NULL),(1274,208,'ExpEst','2',NULL),(1275,209,'Edad','29',NULL),(1276,209,'email2','quisusa@hotmail.com',NULL),(1277,209,'InstProcedencia','2',NULL),(1278,209,'UGradoEstudio','2',NULL),(1279,209,'ExpEst','1',NULL),(1280,209,'NomCusoEst','Habilidades de aprendizaje en entornos virtuales',NULL),(1281,210,'Edad','28',NULL),(1282,210,'email2','yesus_dragon_rojo@hotmail.com',NULL),(1283,210,'InstProcedencia','6',NULL),(1284,210,'InstProcedenciaOtra','Ingeniería en Comunicaciónes y Electronica',NULL),(1285,210,'UGradoEstudio','1',NULL),(1286,210,'ExpEst','1',NULL),(1287,210,'NAcademicoEst','Licenciatura',NULL),(1288,210,'NomCusoEst','ESAD, Licenciatura en Telematica',NULL),(1289,211,'Edad','50',NULL),(1290,211,'InstProcedencia','2',NULL),(1291,211,'UGradoEstudio','3',NULL),(1292,211,'ExpEst','1',NULL),(1293,211,'NAcademicoEst','certificado',NULL),(1294,211,'NomCusoEst','habilidedes de liderazgo',NULL),(1295,216,'Edad','30',NULL),(1296,216,'email2','daikoku_rb@yahoo.com',NULL),(1297,216,'InstProcedencia','1',NULL),(1298,216,'UGradoEstudio','1',NULL),(1299,216,'ExpEst','1',NULL),(1300,216,'NAcademicoEst','Curso radiofónico',NULL),(1301,216,'NomCusoEst','Con los pies en la tierra y la mente hacia el cielo ',NULL),(1302,217,'Edad','45',NULL),(1303,217,'email2','computo_1212@hotmail.com',NULL),(1304,217,'InstProcedencia','1',NULL),(1305,217,'UGradoEstudio','2',NULL),(1306,217,'ExpEst','1',NULL),(1307,217,'NAcademicoEst','LICENCIATURA',NULL),(1308,217,'NomCusoEst','DIPLOMADO DE AULAS VIRTUALES',NULL),(1309,218,'Edad','56',NULL),(1310,218,'InstProcedencia','1',NULL),(1311,218,'UGradoEstudio','3',NULL),(1312,218,'ExpEst','1',NULL),(1313,218,'NAcademicoEst','PROFESOR',NULL),(1314,218,'NomCusoEst','USOS EDUCATIVOS DEL VIDEO',NULL),(1315,219,'Edad','44',NULL),(1316,219,'email2','javiertepepam@prodigy.net.mx',NULL),(1317,219,'InstProcedencia','6',NULL),(1318,219,'InstProcedenciaOtra','Maestría en alta dirección en sistemas de información',NULL),(1319,219,'UGradoEstudio','2',NULL),(1320,219,'ExpEst','1',NULL),(1321,219,'NAcademicoEst','Licenciatura ',NULL),(1322,219,'NomCusoEst','Licenciatura en informática administrativa a distancia',NULL),(1323,220,'Edad','33',NULL),(1324,220,'email2','albag117@hotmail.com',NULL),(1325,220,'InstProcedencia','1',NULL),(1326,220,'UGradoEstudio','2',NULL),(1327,220,'ExpEst','1',NULL),(1328,220,'NAcademicoEst','Licenciatura en la Universidad Nacional Abierta y a Distancia de México ',NULL),(1329,220,'NomCusoEst','Mercadotecnia Internacional',NULL),(1330,223,'Edad','48',NULL),(1331,223,'InstProcedencia','1',NULL),(1332,223,'UGradoEstudio','5',NULL),(1333,223,'UGradoEstudioOtro','carrera técnica en informática',NULL),(1334,223,'ExpEst','1',NULL),(1335,223,'NAcademicoEst','He participado en los cursos que ustedes imparten al público en general',NULL),(1336,223,'NomCusoEst','Habilidades de aprendizaje en entornos virtuales',NULL),(1337,224,'Edad','42',NULL),(1338,224,'email2','plumaroj@xanum.uam.mx',NULL),(1339,224,'InstProcedencia','1',NULL),(1340,224,'UGradoEstudio','3',NULL),(1341,224,'ExpEst','1',NULL),(1342,224,'NAcademicoEst','Licenciatura-Maestría-Doctorado',NULL),(1343,224,'NomCusoEst','Qué es la educación virtual (estudiante)/Literatura y espacios (docente)/Redacción Editorial (docente)',NULL),(1344,225,'Edad','54',NULL),(1345,225,'InstProcedencia','1',NULL),(1346,225,'UGradoEstudio','3',NULL),(1347,225,'ExpEst','2',NULL),(1348,226,'Edad','39',NULL),(1349,226,'email2','clausfeva@gmail.com',NULL),(1350,226,'InstProcedencia','1',NULL),(1351,226,'UGradoEstudio','1',NULL),(1352,226,'ExpEst','2',NULL),(1353,227,'Edad','33',NULL),(1354,227,'InstProcedencia','1',NULL),(1355,227,'UGradoEstudio','1',NULL),(1356,227,'ExpEst','2',NULL),(1357,228,'Edad','45',NULL),(1358,228,'email2','ludma.2824@gmail.com',NULL),(1359,228,'InstProcedencia','1',NULL),(1360,228,'UGradoEstudio','1',NULL),(1361,228,'ExpEst','1',NULL),(1362,228,'NAcademicoEst','NIVEL MEDIO SUPERIOR',NULL),(1363,228,'NomCusoEst','ESTRATEGIAS DOCENTES EN EL AULA VIRTUAL DE MOODLE',NULL),(1364,229,'Edad','47',NULL),(1365,229,'email2','mpsr@correo.azc.uam.mx',NULL),(1366,229,'InstProcedencia','3',NULL),(1367,229,'UGradoEstudio','2',NULL),(1368,229,'ExpEst','1',NULL),(1369,229,'NAcademicoEst','Posgrado -Maestria',NULL),(1370,229,'NomCusoEst','Maestria en Educación con Especialidad en Administración, Formación y Capacitación de Recursos Humanos ',NULL),(1371,230,'Edad','24',NULL),(1372,230,'email2','josquinpat@hotmail.com',NULL),(1373,230,'InstProcedencia','1',NULL),(1374,230,'UGradoEstudio','1',NULL),(1375,230,'ExpEst','2',NULL);
/*!40000 ALTER TABLE `DatosUsuario` ENABLE KEYS */;
UNLOCK TABLES;

--
-- Table structure for table `DetalleOrdenDePago`
--

DROP TABLE IF EXISTS `DetalleOrdenDePago`;
/*!40101 SET @saved_cs_client     = @@character_set_client */;
/*!40101 SET character_set_client = utf8 */;
CREATE TABLE `DetalleOrdenDePago` (
  `IdDetalleOrdenPago` int(11) NOT NULL AUTO_INCREMENT,
  `IdOrdenDePago` int(11) NOT NULL,
  `IdTipoDePago` int(11) NOT NULL,
  `IdConcepto` int(11) NOT NULL,
  `CantidadConceptos` varchar(45) DEFAULT NULL,
  `PrecioTotalConceptos` varchar(45) DEFAULT NULL,
  `FechaDeOrden` varchar(45) DEFAULT NULL,
  PRIMARY KEY (`IdDetalleOrdenPago`),
  KEY `fk_DetalleOrdenDePago_OrdenDePago1` (`IdOrdenDePago`),
  KEY `fk_DetalleOrdenDePago_TipoDePago1` (`IdTipoDePago`),
  KEY `fk_DetalleOrdenDePago_ConceposDePago1_idx` (`IdConcepto`),
  CONSTRAINT `fk_DetalleOrdenDePago_ConceposDePago1` FOREIGN KEY (`IdConcepto`) REFERENCES `ConceposDePago` (`IdConcepto`) ON DELETE NO ACTION ON UPDATE NO ACTION,
  CONSTRAINT `fk_DetalleOrdenDePago_OrdenDePago1` FOREIGN KEY (`IdOrdenDePago`) REFERENCES `OrdenDePago` (`IdOrdenDePago`) ON DELETE NO ACTION ON UPDATE NO ACTION,
  CONSTRAINT `fk_DetalleOrdenDePago_TipoDePago1` FOREIGN KEY (`IdTipoDePago`) REFERENCES `TipoDePago` (`IdTipoDePago`) ON DELETE NO ACTION ON UPDATE NO ACTION
) ENGINE=InnoDB DEFAULT CHARSET=utf8;
/*!40101 SET character_set_client = @saved_cs_client */;

--
-- Dumping data for table `DetalleOrdenDePago`
--

LOCK TABLES `DetalleOrdenDePago` WRITE;
/*!40000 ALTER TABLE `DetalleOrdenDePago` DISABLE KEYS */;
/*!40000 ALTER TABLE `DetalleOrdenDePago` ENABLE KEYS */;
UNLOCK TABLES;

--
-- Table structure for table `DetallePedido`
--

DROP TABLE IF EXISTS `DetallePedido`;
/*!40101 SET @saved_cs_client     = @@character_set_client */;
/*!40101 SET character_set_client = utf8 */;
CREATE TABLE `DetallePedido` (
  `IdDetallePedido` int(11) NOT NULL AUTO_INCREMENT,
  `Pedidos_IdPedido` int(11) NOT NULL,
  `Productos_IdProducto` int(11) NOT NULL,
  `Cantidad` int(11) DEFAULT NULL,
  `RefAPagar` varchar(20) DEFAULT NULL,
  `EstatusPedido` int(1) NOT NULL DEFAULT '1',
  PRIMARY KEY (`IdDetallePedido`),
  KEY `fk_Pedidos_has_Productos_Productos1` (`Productos_IdProducto`),
  KEY `fk_Pedidos_has_Productos_Pedidos1` (`Pedidos_IdPedido`),
  CONSTRAINT `fk_Pedidos_has_Productos_Pedidos1` FOREIGN KEY (`Pedidos_IdPedido`) REFERENCES `Pedidos` (`IdPedido`) ON DELETE CASCADE ON UPDATE CASCADE,
  CONSTRAINT `fk_Pedidos_has_Productos_Productos1` FOREIGN KEY (`Productos_IdProducto`) REFERENCES `Productos` (`IdProducto`) ON DELETE CASCADE ON UPDATE CASCADE
) ENGINE=InnoDB AUTO_INCREMENT=112 DEFAULT CHARSET=latin1;
/*!40101 SET character_set_client = @saved_cs_client */;

--
-- Dumping data for table `DetallePedido`
--

LOCK TABLES `DetallePedido` WRITE;
/*!40000 ALTER TABLE `DetallePedido` DISABLE KEYS */;
INSERT INTO `DetallePedido` VALUES (1,1,9,NULL,'TFDV13PUAMI1381',1),(2,2,9,NULL,'TFDV13PUAMI1398',1),(3,3,9,NULL,'TFDV13PUAMI1494',1),(4,4,9,NULL,'TFDV13PUAMI1494',1),(5,5,9,NULL,'TFDV13PUAMI1508',1),(69,43,10,NULL,'EDAV13PUAMI1828',1),(72,45,10,NULL,'EDAV13PUAMI1841',1),(73,45,13,NULL,'HHVE13PUAMI1843',1),(74,46,10,NULL,'EDAV13PUAMI1888',1),(75,47,12,NULL,'UDVE13PUAMI1907',1),(76,48,10,NULL,'EDAV13PUAMI1917',1),(78,50,11,NULL,'AEEV13PUAMI1960',1),(79,51,10,NULL,'EDAV13PUAMI2017',1),(80,51,12,NULL,'UDVE13PUAMI2014',1),(81,52,10,NULL,'EDAV13PUAMI2017',1),(82,52,12,NULL,'UDVE13PUAMI2014',1),(83,53,11,NULL,'AEEV13PUAMI1976',1),(84,54,10,NULL,'EDAV13PUAMI2024',1),(85,55,10,NULL,'EDAV13PUAMI2031',1),(86,56,10,NULL,'EDAV13PUAMI2054',1),(87,56,12,NULL,'UDVE13PUAMI2051',1),(88,57,12,NULL,'UDVE13PUAMI2068',1),(91,59,10,NULL,'EDAV13PUAMI2084',1),(92,60,10,NULL,'EDAV13PUAMI2091',1),(93,61,13,NULL,'HHVE13PUAMI2115',1),(94,62,12,NULL,'UDVE13PUAMI2164',1),(95,63,12,NULL,'UDVE13PUAMI2170',1),(96,63,13,NULL,'HHVE13PUAMI2175',1),(97,64,12,NULL,'UDVE13PUAMI2187',1),(98,65,11,NULL,'AEEV13PUAMI2196',1),(99,65,13,NULL,'HHVE13PUAMI2199',1),(100,66,11,NULL,'AEEV13PUAMI2201',1),(101,67,10,NULL,'EDAV13PUAMI2233',1),(102,68,10,NULL,'EDAV13PUAMI2249',1),(103,68,12,NULL,'UDVE13PUAMI2246',1),(104,69,10,NULL,'EDAV13PUAMI2256',1),(105,70,13,NULL,'HHVE13PUAMI2115',1),(106,71,10,NULL,'EDAV13PUAMI2279',1),(107,72,10,NULL,'EDAV13PUAMI2286',1),(108,72,12,NULL,'UDVE13PUAMI2283',1),(109,73,12,NULL,'UDVE13PUAMI2290',1),(110,74,10,NULL,'EDAV13PUAMI2307',1),(111,74,12,NULL,'UDVE13PUAMI2304',1);
/*!40000 ALTER TABLE `DetallePedido` ENABLE KEYS */;
UNLOCK TABLES;

--
-- Table structure for table `Facturas`
--

DROP TABLE IF EXISTS `Facturas`;
/*!40101 SET @saved_cs_client     = @@character_set_client */;
/*!40101 SET character_set_client = utf8 */;
CREATE TABLE `Facturas` (
  `IdFactura` int(11) NOT NULL,
  `IdPago` int(11) NOT NULL,
  `IdDatosDeFacturacion` int(11) NOT NULL,
  PRIMARY KEY (`IdFactura`),
  KEY `fk_Facturas_Pagos1` (`IdPago`),
  KEY `fk_Facturas_DatosDeFacturacion1` (`IdDatosDeFacturacion`),
  CONSTRAINT `fk_Facturas_DatosDeFacturacion1` FOREIGN KEY (`IdDatosDeFacturacion`) REFERENCES `DatosDeFacturacion` (`IdDatosDeFacturacion`) ON DELETE NO ACTION ON UPDATE NO ACTION,
  CONSTRAINT `fk_Facturas_Pagos1` FOREIGN KEY (`IdPago`) REFERENCES `Pagos` (`IdPago`) ON DELETE NO ACTION ON UPDATE NO ACTION
) ENGINE=InnoDB DEFAULT CHARSET=utf8;
/*!40101 SET character_set_client = @saved_cs_client */;

--
-- Dumping data for table `Facturas`
--

LOCK TABLES `Facturas` WRITE;
/*!40000 ALTER TABLE `Facturas` DISABLE KEYS */;
/*!40000 ALTER TABLE `Facturas` ENABLE KEYS */;
UNLOCK TABLES;

--
-- Table structure for table `OrdenDePago`
--

DROP TABLE IF EXISTS `OrdenDePago`;
/*!40101 SET @saved_cs_client     = @@character_set_client */;
/*!40101 SET character_set_client = utf8 */;
CREATE TABLE `OrdenDePago` (
  `IdOrdenDePago` int(11) NOT NULL,
  `IdUsuario` int(11) NOT NULL,
  `valOrdenPago` varchar(45) DEFAULT NULL,
  `NumOrdenPago` varchar(45) DEFAULT NULL,
  `FechaCompra` varchar(45) DEFAULT NULL,
  `CantidadProductos` varchar(45) DEFAULT NULL,
  `CostoTotal` varchar(45) DEFAULT NULL,
  `IdTipoPago` varchar(45) DEFAULT NULL,
  `IdEstatusOrden` varchar(45) DEFAULT NULL,
  `Cancelada` varchar(45) DEFAULT NULL,
  `Pagada` varchar(45) DEFAULT NULL,
  PRIMARY KEY (`IdOrdenDePago`),
  KEY `fk_OrdenDePago_Usuarios1` (`IdUsuario`),
  CONSTRAINT `fk_OrdenDePago_Usuarios1` FOREIGN KEY (`IdUsuario`) REFERENCES `Usuarios` (`IdUsuario`) ON DELETE NO ACTION ON UPDATE NO ACTION
) ENGINE=InnoDB DEFAULT CHARSET=utf8;
/*!40101 SET character_set_client = @saved_cs_client */;

--
-- Dumping data for table `OrdenDePago`
--

LOCK TABLES `OrdenDePago` WRITE;
/*!40000 ALTER TABLE `OrdenDePago` DISABLE KEYS */;
/*!40000 ALTER TABLE `OrdenDePago` ENABLE KEYS */;
UNLOCK TABLES;

--
-- Table structure for table `Pagos`
--

DROP TABLE IF EXISTS `Pagos`;
/*!40101 SET @saved_cs_client     = @@character_set_client */;
/*!40101 SET character_set_client = utf8 */;
CREATE TABLE `Pagos` (
  `IdPago` int(11) NOT NULL,
  `IdOrdenDePago` int(11) NOT NULL,
  PRIMARY KEY (`IdPago`),
  KEY `fk_Pagos_OrdenDePago1` (`IdOrdenDePago`),
  CONSTRAINT `fk_Pagos_OrdenDePago1` FOREIGN KEY (`IdOrdenDePago`) REFERENCES `OrdenDePago` (`IdOrdenDePago`) ON DELETE NO ACTION ON UPDATE NO ACTION
) ENGINE=InnoDB DEFAULT CHARSET=utf8;
/*!40101 SET character_set_client = @saved_cs_client */;

--
-- Dumping data for table `Pagos`
--

LOCK TABLES `Pagos` WRITE;
/*!40000 ALTER TABLE `Pagos` DISABLE KEYS */;
/*!40000 ALTER TABLE `Pagos` ENABLE KEYS */;
UNLOCK TABLES;

--
-- Table structure for table `PagosRefrendados`
--

DROP TABLE IF EXISTS `PagosRefrendados`;
/*!40101 SET @saved_cs_client     = @@character_set_client */;
/*!40101 SET character_set_client = utf8 */;
CREATE TABLE `PagosRefrendados` (
  `idPagoRefrendado` int(11) NOT NULL,
  `IdPago` int(11) NOT NULL,
  `IdRefrendo` int(11) NOT NULL,
  PRIMARY KEY (`idPagoRefrendado`),
  KEY `fk_PagosRefrendados_Pagos1` (`IdPago`),
  KEY `fk_PagosRefrendados_Refrendos1` (`IdRefrendo`),
  CONSTRAINT `fk_PagosRefrendados_Pagos1` FOREIGN KEY (`IdPago`) REFERENCES `Pagos` (`IdPago`) ON DELETE NO ACTION ON UPDATE NO ACTION,
  CONSTRAINT `fk_PagosRefrendados_Refrendos1` FOREIGN KEY (`IdRefrendo`) REFERENCES `Refrendos` (`IdRefrendo`) ON DELETE NO ACTION ON UPDATE NO ACTION
) ENGINE=InnoDB DEFAULT CHARSET=utf8;
/*!40101 SET character_set_client = @saved_cs_client */;

--
-- Dumping data for table `PagosRefrendados`
--

LOCK TABLES `PagosRefrendados` WRITE;
/*!40000 ALTER TABLE `PagosRefrendados` DISABLE KEYS */;
/*!40000 ALTER TABLE `PagosRefrendados` ENABLE KEYS */;
UNLOCK TABLES;

--
-- Table structure for table `Pedidos`
--

DROP TABLE IF EXISTS `Pedidos`;
/*!40101 SET @saved_cs_client     = @@character_set_client */;
/*!40101 SET character_set_client = utf8 */;
CREATE TABLE `Pedidos` (
  `IdPedido` int(11) NOT NULL AUTO_INCREMENT,
  `ValPago` varchar(10) DEFAULT NULL,
  `IdTransaccion` bigint(20) DEFAULT NULL,
  `FechaAlta` timestamp NULL DEFAULT CURRENT_TIMESTAMP,
  `CostoTotal` decimal(11,2) DEFAULT NULL,
  `CantidadProductos` int(11) DEFAULT NULL,
  `TipoPago` varchar(5) DEFAULT NULL,
  `EstatusPedido` int(11) NOT NULL DEFAULT '1',
  `Usuarios_IdUsuario` int(11) NOT NULL,
  PRIMARY KEY (`IdPedido`),
  KEY `fk_Pedidos_Usuarios1` (`Usuarios_IdUsuario`),
  CONSTRAINT `fk_Pedidos_Usuarios1` FOREIGN KEY (`Usuarios_IdUsuario`) REFERENCES `Usuarios` (`IdUsuario`) ON DELETE CASCADE ON UPDATE CASCADE
) ENGINE=InnoDB AUTO_INCREMENT=75 DEFAULT CHARSET=latin1;
/*!40101 SET character_set_client = @saved_cs_client */;

--
-- Dumping data for table `Pedidos`
--

LOCK TABLES `Pedidos` WRITE;
/*!40000 ALTER TABLE `Pedidos` DISABLE KEYS */;
INSERT INTO `Pedidos` VALUES (1,'3Oh_tUnN',1307204150333,'2013-07-24 20:03:33',14000.00,1,'PVBR',1,138),(2,'HWvZs0M6',1309245154229,'2013-09-03 20:42:29',14000.00,1,'PVU',1,139),(3,'T%YWpLvY',1309246131022,'2013-09-04 18:10:22',14000.00,1,'PVU',1,149),(4,'NhB?=zYw',1309246131059,'2013-09-04 18:10:59',14000.00,1,'PVU',1,149),(5,'HB6=w#h1',1309246134954,'2013-09-04 18:49:54',14000.00,1,'TBR',1,150),(43,'I6Na2vC#',1309253195922,'2013-09-12 00:59:22',200.00,1,'PVBR',1,182),(45,'bL?na4%M',1309257171227,'2013-09-15 22:12:27',400.00,2,'PVBR',1,184),(46,'*U(Vqw?U',1309259151611,'2013-09-17 20:16:11',200.00,1,'PVBR',1,188),(47,'61bN924Z',1309265170626,'2013-09-23 22:06:26',200.00,1,'TBR',1,190),(48,'jN%9gkkS',1309265173813,'2013-09-23 22:38:13',200.00,1,'PVBR',1,191),(50,'kmO#w4)s',1309268105712,'2013-09-26 15:57:12',200.00,1,'TBR',1,196),(51,'#GgTpIaL',1309270173451,'2013-09-28 22:34:51',400.00,2,'PVBR',1,201),(52,'GMGjK)Y/',1309270173742,'2013-09-28 22:37:42',400.00,2,'PVBR',1,201),(53,'tNzfq(tb',1309271124745,'2013-09-29 17:47:45',200.00,1,'PVBR',1,197),(54,'?/p2m!q%',1309271204218,'2013-09-30 01:42:18',200.00,1,'PVU',1,202),(55,'IsLtgvw2',1309271210059,'2013-09-30 02:00:59',200.00,1,'PVU',1,203),(56,'#?75JqkZ',1310273213600,'2013-10-02 02:36:00',400.00,2,'PVBR',1,205),(57,'$D7tBvAK',1310274153840,'2013-10-02 20:38:40',200.00,1,'PVBR',1,206),(59,'/2BkH)mB',1310275111708,'2013-10-03 16:17:08',200.00,1,'PVBR',1,208),(60,'1K1I1wk(',1310275225905,'2013-10-04 03:59:05',200.00,1,'PVBR',1,209),(61,'h?UKs!2S',131027742845,'2013-10-05 09:28:45',200.00,1,'TBR',0,211),(62,'Xh9WdwL%',1310279104330,'2013-10-07 15:43:30',200.00,1,'PVU',1,216),(63,'zmkrPgqj',1310279105658,'2013-10-07 15:56:58',400.00,2,'PVU',1,217),(64,'!Cs$U3P0',1310279173602,'2013-10-07 22:36:02',200.00,1,'PVU',1,218),(65,'%10_2ZaV',1310279184559,'2013-10-07 23:45:59',400.00,2,'PVBR',1,219),(66,'GM/AD4dt',1310279195646,'2013-10-08 00:56:46',200.00,1,'TBR',1,220),(67,'5wa#P_Xh',1310280103745,'2013-10-08 15:37:45',200.00,1,'PVBR',1,223),(68,'K#CAYO_C',131028180836,'2013-10-09 13:08:36',400.00,2,'TBR',1,224),(69,'cL*XByT_',131028185005,'2013-10-09 13:50:05',200.00,1,'PVU',1,225),(70,'rPb2zKLG',1310282161650,'2013-10-10 21:16:50',200.00,1,'TBR',1,211),(71,'f#d)HZ!Y',1310282174108,'2013-10-10 22:41:08',200.00,1,'PVBR',1,227),(72,'HxmOrxWv',1310283201305,'2013-10-12 01:13:05',400.00,2,'PVU',1,228),(73,'gAvWH3!=',131028403755,'2013-10-12 05:37:55',200.00,1,'PVBR',1,229),(74,'PF*5SBH/',131028681257,'2013-10-14 13:12:57',400.00,2,'PVU',1,230);
/*!40000 ALTER TABLE `Pedidos` ENABLE KEYS */;
UNLOCK TABLES;

--
-- Table structure for table `Productos`
--

DROP TABLE IF EXISTS `Productos`;
/*!40101 SET @saved_cs_client     = @@character_set_client */;
/*!40101 SET character_set_client = utf8 */;
CREATE TABLE `Productos` (
  `IdProducto` int(11) NOT NULL AUTO_INCREMENT,
  `Producto` varchar(500) DEFAULT NULL,
  `CveProducto` varchar(20) DEFAULT NULL,
  `NomCorto` varchar(8) DEFAULT NULL,
  `IdCursoMoodle` int(11) DEFAULT NULL,
  `Precio` decimal(9,2) DEFAULT NULL,
  `Descripcion` varchar(512) DEFAULT NULL,
  `Estatus` int(11) DEFAULT NULL,
  PRIMARY KEY (`IdProducto`)
) ENGINE=InnoDB AUTO_INCREMENT=14 DEFAULT CHARSET=latin1;
/*!40101 SET character_set_client = @saved_cs_client */;

--
-- Dumping data for table `Productos`
--

LOCK TABLES `Productos` WRITE;
/*!40000 ALTER TABLE `Productos` DISABLE KEYS */;
INSERT INTO `Productos` VALUES (1,'Habilidades de lectura en línea','IEVE201200138','',17,200.00,NULL,0),(2,'Habilidades de aprendizaje en línea','IEVE201200139','',20,200.00,NULL,0),(3,'Habilidades ejecutivas del emprendedor','IEVE201200140','',18,200.00,NULL,0),(4,'Gramática de la Lengua Española “Usos y abusos”','IEVE201300110','GLE',22,200.00,NULL,0),(5,'Nacionalismo Músical Mexicano','IEVE201300111','NMM',23,200.00,NULL,0),(6,'Habilidades Ejecutivas del Emprendedor \"Plan de Negocios\".','IEVE201300112','HEE',24,200.00,NULL,0),(7,'Formación Docente en la Enseñanza de Ingles para Niños Módulo I.','IEVE201300109','EIN',2,4000.00,NULL,0),(8,'Formación Docente en la Enseñanza de Ingles para Niños Módulo II.','IEVE201300109','EIN',3,3000.00,NULL,0),(9,'Trayecto Formativo en Docencia Virtual','IEVE201300188','TFDV',NULL,14000.00,NULL,1),(10,'Estrategias docentes en el aula virtual de Moodle','IEVE201300196','EDAV',NULL,200.00,'09:00 a 13:00',1),(11,'Aprendizaje en entornos virtuales ','IEVE201300197','AEEV',NULL,200.00,'09:00 a 13:00',1),(12,'Usos educativos del video','IEVE201300198','UDVE',NULL,200.00,'14:00 a 18:00',1),(13,'La herramienta hangout en entornos virtuales de aprendizaje','IEVE201300199','HHVE',NULL,200.00,'14:00 a 18:00',1);
/*!40000 ALTER TABLE `Productos` ENABLE KEYS */;
UNLOCK TABLES;

--
-- Table structure for table `ProductosTipoProducto`
--

DROP TABLE IF EXISTS `ProductosTipoProducto`;
/*!40101 SET @saved_cs_client     = @@character_set_client */;
/*!40101 SET character_set_client = utf8 */;
CREATE TABLE `ProductosTipoProducto` (
  `IdProductosTipoProducto` int(11) NOT NULL AUTO_INCREMENT,
  `IdProducto` int(11) NOT NULL,
  `IdTipoProducto` int(11) NOT NULL,
  PRIMARY KEY (`IdProductosTipoProducto`),
  KEY `IdProducto` (`IdProducto`),
  KEY `IdTipoProducto` (`IdTipoProducto`),
  CONSTRAINT `ProductosTipoProducto_ibfk_2` FOREIGN KEY (`IdTipoProducto`) REFERENCES `TipoProducto` (`IdTipoProducto`) ON DELETE CASCADE ON UPDATE CASCADE,
  CONSTRAINT `ProductosTipoProducto_ibfk_1` FOREIGN KEY (`IdProducto`) REFERENCES `Productos` (`IdProducto`) ON DELETE CASCADE ON UPDATE CASCADE
) ENGINE=InnoDB AUTO_INCREMENT=7 DEFAULT CHARSET=latin1;
/*!40101 SET character_set_client = @saved_cs_client */;

--
-- Dumping data for table `ProductosTipoProducto`
--

LOCK TABLES `ProductosTipoProducto` WRITE;
/*!40000 ALTER TABLE `ProductosTipoProducto` DISABLE KEYS */;
INSERT INTO `ProductosTipoProducto` VALUES (1,10,3),(4,11,3),(5,12,3),(6,13,3);
/*!40000 ALTER TABLE `ProductosTipoProducto` ENABLE KEYS */;
UNLOCK TABLES;

--
-- Table structure for table `Refrendos`
--

DROP TABLE IF EXISTS `Refrendos`;
/*!40101 SET @saved_cs_client     = @@character_set_client */;
/*!40101 SET character_set_client = utf8 */;
CREATE TABLE `Refrendos` (
  `IdRefrendo` int(11) NOT NULL,
  PRIMARY KEY (`IdRefrendo`)
) ENGINE=InnoDB DEFAULT CHARSET=utf8;
/*!40101 SET character_set_client = @saved_cs_client */;

--
-- Dumping data for table `Refrendos`
--

LOCK TABLES `Refrendos` WRITE;
/*!40000 ALTER TABLE `Refrendos` DISABLE KEYS */;
/*!40000 ALTER TABLE `Refrendos` ENABLE KEYS */;
UNLOCK TABLES;

--
-- Table structure for table `Roles`
--

DROP TABLE IF EXISTS `Roles`;
/*!40101 SET @saved_cs_client     = @@character_set_client */;
/*!40101 SET character_set_client = utf8 */;
CREATE TABLE `Roles` (
  `IdRole` int(11) NOT NULL AUTO_INCREMENT,
  `NomRole` varchar(30) DEFAULT NULL,
  PRIMARY KEY (`IdRole`)
) ENGINE=InnoDB AUTO_INCREMENT=11 DEFAULT CHARSET=utf8;
/*!40101 SET character_set_client = @saved_cs_client */;

--
-- Dumping data for table `Roles`
--

LOCK TABLES `Roles` WRITE;
/*!40000 ALTER TABLE `Roles` DISABLE KEYS */;
INSERT INTO `Roles` VALUES (1,'Root'),(2,'Administrador'),(3,'Aspirante Curso Ingles'),(4,'Aspirante Diplomado Políticas'),(5,'Aspirante Posgrado Políticas'),(6,'Estudiante Curso Ingles'),(7,'Estudiante Diplomado Políticas'),(8,'Estudiante Posgrado Políticas'),(9,'Aspirante Cursos Generales'),(10,'Aspirante Taller');
/*!40000 ALTER TABLE `Roles` ENABLE KEYS */;
UNLOCK TABLES;

--
-- Table structure for table `TipoDePago`
--

DROP TABLE IF EXISTS `TipoDePago`;
/*!40101 SET @saved_cs_client     = @@character_set_client */;
/*!40101 SET character_set_client = utf8 */;
CREATE TABLE `TipoDePago` (
  `IdTipoDePago` int(11) NOT NULL AUTO_INCREMENT,
  `Nombre` varchar(45) DEFAULT NULL,
  `CveTipoPago` varchar(45) DEFAULT NULL,
  `EstatusDeVigencia` varchar(45) DEFAULT NULL,
  PRIMARY KEY (`IdTipoDePago`)
) ENGINE=InnoDB DEFAULT CHARSET=utf8;
/*!40101 SET character_set_client = @saved_cs_client */;

--
-- Dumping data for table `TipoDePago`
--

LOCK TABLES `TipoDePago` WRITE;
/*!40000 ALTER TABLE `TipoDePago` DISABLE KEYS */;
/*!40000 ALTER TABLE `TipoDePago` ENABLE KEYS */;
UNLOCK TABLES;

--
-- Table structure for table `TipoProducto`
--

DROP TABLE IF EXISTS `TipoProducto`;
/*!40101 SET @saved_cs_client     = @@character_set_client */;
/*!40101 SET character_set_client = utf8 */;
CREATE TABLE `TipoProducto` (
  `IdTipoProducto` int(11) NOT NULL AUTO_INCREMENT,
  `Nombre` varchar(100) NOT NULL,
  `Descripcion` varchar(512) NOT NULL,
  PRIMARY KEY (`IdTipoProducto`)
) ENGINE=InnoDB AUTO_INCREMENT=4 DEFAULT CHARSET=latin1;
/*!40101 SET character_set_client = @saved_cs_client */;

--
-- Dumping data for table `TipoProducto`
--

LOCK TABLES `TipoProducto` WRITE;
/*!40000 ALTER TABLE `TipoProducto` DISABLE KEYS */;
INSERT INTO `TipoProducto` VALUES (1,'Posgrado',''),(2,'Diplomado',''),(3,'Taller','');
/*!40000 ALTER TABLE `TipoProducto` ENABLE KEYS */;
UNLOCK TABLES;

--
-- Table structure for table `UserRoles`
--

DROP TABLE IF EXISTS `UserRoles`;
/*!40101 SET @saved_cs_client     = @@character_set_client */;
/*!40101 SET character_set_client = utf8 */;
CREATE TABLE `UserRoles` (
  `IdUserRole` int(11) NOT NULL AUTO_INCREMENT,
  `Usuarios_IdUsuario` int(11) NOT NULL,
  `Roles_IdRole` int(11) NOT NULL,
  PRIMARY KEY (`IdUserRole`),
  KEY `fk_UserRoles_Usuarios1` (`Usuarios_IdUsuario`),
  KEY `fk_UserRoles_Roles1` (`Roles_IdRole`),
  CONSTRAINT `UserRoles_ibfk_1` FOREIGN KEY (`Usuarios_IdUsuario`) REFERENCES `Usuarios` (`IdUsuario`) ON DELETE CASCADE ON UPDATE CASCADE,
  CONSTRAINT `fk_UserRoles_Roles1` FOREIGN KEY (`Roles_IdRole`) REFERENCES `Roles` (`IdRole`) ON DELETE NO ACTION ON UPDATE NO ACTION
) ENGINE=InnoDB AUTO_INCREMENT=162 DEFAULT CHARSET=utf8;
/*!40101 SET character_set_client = @saved_cs_client */;

--
-- Dumping data for table `UserRoles`
--

LOCK TABLES `UserRoles` WRITE;
/*!40000 ALTER TABLE `UserRoles` DISABLE KEYS */;
INSERT INTO `UserRoles` VALUES (1,1,3),(3,3,3),(4,4,3),(5,5,3),(7,7,3),(8,8,3),(12,14,3),(19,26,5),(20,27,5),(21,30,3),(22,31,3),(24,34,5),(26,36,3),(27,38,5),(28,39,3),(29,40,5),(30,41,5),(31,47,5),(32,49,3),(34,51,5),(35,52,5),(36,53,5),(37,54,4),(38,55,5),(39,56,5),(40,57,5),(41,58,5),(42,59,4),(43,62,5),(44,63,5),(45,64,5),(46,65,5),(47,66,5),(48,67,4),(49,68,5),(50,69,5),(51,70,5),(52,71,5),(53,73,2),(54,74,5),(55,75,5),(56,76,5),(57,77,5),(58,78,5),(60,85,5),(61,86,5),(62,88,4),(63,89,5),(64,90,5),(65,91,4),(66,92,5),(67,93,5),(68,94,5),(69,95,5),(70,96,5),(71,97,5),(74,100,5),(75,101,5),(76,102,5),(77,103,4),(78,104,5),(79,105,5),(81,116,5),(82,117,5),(84,119,5),(85,120,5),(86,121,5),(87,122,5),(89,124,5),(90,125,5),(91,126,5),(92,127,5),(93,128,5),(94,129,5),(95,130,4),(96,131,5),(97,132,5),(98,133,5),(99,134,5),(100,135,4),(101,136,4),(102,137,4),(103,138,9),(104,139,9),(105,140,9),(106,145,9),(107,147,9),(108,149,9),(109,150,9),(114,157,10),(116,159,10),(117,162,10),(118,163,10),(119,164,10),(121,166,10),(124,174,10),(126,180,10),(128,182,10),(130,184,10),(131,185,10),(132,188,10),(133,189,10),(134,190,10),(135,191,10),(137,196,10),(138,197,10),(139,201,10),(140,202,10),(141,203,10),(142,205,10),(143,206,10),(145,208,10),(146,209,10),(147,210,10),(148,211,10),(149,216,10),(150,217,10),(151,218,10),(152,219,10),(153,220,10),(154,223,10),(155,224,10),(156,225,10),(157,226,10),(158,227,10),(159,228,10),(160,229,10),(161,230,10);
/*!40000 ALTER TABLE `UserRoles` ENABLE KEYS */;
UNLOCK TABLES;

--
-- Table structure for table `Usuarios`
--

DROP TABLE IF EXISTS `Usuarios`;
/*!40101 SET @saved_cs_client     = @@character_set_client */;
/*!40101 SET character_set_client = utf8 */;
CREATE TABLE `Usuarios` (
  `IdUsuario` int(11) NOT NULL AUTO_INCREMENT,
  `usuario` varchar(100) DEFAULT NULL,
  `password` varchar(40) DEFAULT NULL,
  `Nombre` varchar(100) DEFAULT NULL,
  `aPaterno` varchar(100) DEFAULT NULL,
  `aMaterno` varchar(100) DEFAULT NULL,
  `lugarNac` varchar(100) DEFAULT NULL,
  `Sexo` varchar(1) DEFAULT NULL,
  `CURP` varchar(45) DEFAULT NULL,
  `Nacionalidad` varchar(50) DEFAULT NULL,
  `FecNacimiento` datetime DEFAULT NULL,
  `Calle` varchar(255) DEFAULT NULL,
  `NumExterior` int(11) DEFAULT NULL,
  `NumInterior` int(11) DEFAULT NULL,
  `Colonia` varchar(255) DEFAULT NULL,
  `CP` int(11) DEFAULT NULL,
  `Telefono` varchar(20) DEFAULT NULL,
  `TelCelular` varchar(20) DEFAULT NULL,
  `TelOficina` varchar(20) DEFAULT NULL,
  `OficinaExt` varchar(20) DEFAULT NULL,
  `Fax` varchar(20) DEFAULT NULL,
  `email` varchar(100) DEFAULT NULL,
  `IdPais` int(6) unsigned NOT NULL,
  `NomEstado` varchar(100) NOT NULL,
  `NomMunicipio` varchar(100) NOT NULL,
  `RFC` varchar(45) DEFAULT NULL,
  PRIMARY KEY (`IdUsuario`),
  UNIQUE KEY `email_UNIQUE` (`email`),
  UNIQUE KEY `CURP_UNIQUE` (`CURP`),
  KEY `fk_Usuarios_catPaises1_idx` (`IdPais`),
  CONSTRAINT `fk_Usuarios_catPaises1` FOREIGN KEY (`IdPais`) REFERENCES `catPaises` (`IdPais`) ON DELETE NO ACTION ON UPDATE NO ACTION
) ENGINE=InnoDB AUTO_INCREMENT=231 DEFAULT CHARSET=utf8;
/*!40101 SET character_set_client = @saved_cs_client */;

--
-- Dumping data for table `Usuarios`
--

LOCK TABLES `Usuarios` WRITE;
/*!40000 ALTER TABLE `Usuarios` DISABLE KEYS */;
INSERT INTO `Usuarios` VALUES (1,'mgomez1','2n6&Q6vd','María Virginia','Gomez','Rosas',NULL,NULL,'MEXVI98999889XC','China','2013-03-07 00:00:00','San Luis',123,NULL,'San Juan Tepepan',16020,NULL,NULL,NULL,NULL,NULL,'mav@xanum.uam.mx',51,'','Xochimilco','MATI30/02/1990'),(3,'agarcia3','p629@tcS','Alain Arturo','Garcia','Garzon',NULL,NULL,'GAGA900606HTCRRL07','Mexicana','1990-06-06 00:00:00','Bugambilias',334,NULL,'Los Sabinos',67515,NULL,NULL,NULL,NULL,NULL,'aagg@alumno.um.edu.mx',51,'Nuevo León','Montemorelos',NULL),(4,'sgarcia4','B2SXd4%N','SHELICK ERIKA','GARCIA','GALVAN',NULL,NULL,'GAGS750721MDFRLH00','MEXICANA','1975-07-21 00:00:00','301',63,NULL,'EL COYOL',7420,NULL,NULL,NULL,NULL,NULL,'shelleri@yahoo.com',51,'MÉXICO','GAM','GAGS750721'),(5,'mchalico5','x7UTc*ms','MONTOYA','CHALICO','BEATRIZ',NULL,NULL,'MOCB710411MDFNHT08','MEXICANA','1971-03-11 00:00:00','C FRAY J DE TORQUEMADA ',25,301,'OBRERA',6800,NULL,NULL,NULL,NULL,NULL,'bmontoyachalico@yahoo.com',51,'DF','CUAHUTEMOC',NULL),(7,'shernandez7','ZdOHmDdL','Silvia Marina','Hernandez','Gonzalez',NULL,NULL,'HEGS850504MDFRNL05','Mexicana','1985-05-04 00:00:00','Castilla ',372,NULL,'Postal',3410,NULL,NULL,NULL,NULL,NULL,'creed_marina@hotmail.com',51,'Distrito Federal','Delegacion Benito juarez','HEGS8505043T7'),(8,'rrios8','cVjOImX$','Renato','Rios','González',NULL,NULL,'RIGR760529HMNSNN08','Mexicana','1976-05-29 00:00:00','La Virgen',1,0,'La Virgen',61100,NULL,NULL,NULL,NULL,NULL,'renato.rios1@gmail.com',51,'Michoacan','Hidalgo','RIGR760529'),(14,'amendoza14','7rqbNxpq','ANA MARIA','MENDOZA','BATISTA',NULL,NULL,'MEBA631125MVZNTN09','MEXICANA','0000-00-00 00:00:00','Cerro Tres Marias ',350,NULL,'Campestre Churubusco',4200,NULL,NULL,NULL,NULL,NULL,'ana.mendozabatista@gmail.com',51,'Distrito Federal','Coyoacan','MEBA631125D1A'),(26,'vcastellanos26','@g7r6p4L','Verónica Concepción','Castellanos','León','Tuxtla Gutiérrez, Chiapas',NULL,'CALV730406MCSSNR08','Mexicana','1973-04-06 00:00:00','Oleaje',307,NULL,'La Herradura',29054,'9611951828',NULL,'9616158506',NULL,'9616158506','vleon73@msn.com',51,'Chiapas','Tuxtla Gutierrez','CALV730406'),(27,'mcastro27','g19@NN2g','Maria Soledad','Castro','Rossano','Ituzaingó,. Buenos Aires',NULL,'?','Argentina','1981-12-24 00:00:00','Barrio San Pedro sin numero',NULL,NULL,'no corresponde',5317,'0383154619465',NULL,'02204825213',NULL,NULL,'centro.cultural.mutquin@gmail.com',81,'Catamarca','Municipio de Mutquin Departamento Pomán','?'),(30,'volvera30','fwFGL#HW','Verónica Arcelia','Olvera','Moctezuma',NULL,NULL,'OEMV760918MDFLCR09','Mexicana','1976-09-18 00:00:00','Avenida Guaymas ',133,NULL,'Jardines de Casanueva',55430,NULL,NULL,NULL,NULL,NULL,'verolvera@hotmail.com',51,'Edo de México','Ecatepec','OEMV760918'),(31,'alopez31','y0s5dGhM','Ana silvia','López','Cruz',NULL,NULL,'LXCA680203MSPPRN09','Mexicana','1968-02-03 00:00:00','Fuente de la selva ',150,NULL,'Balcones del valle',78280,NULL,NULL,NULL,NULL,NULL,'anasilvialopezcruz@gmail.com',51,'San Luis Potosí ','San Luis Potosí ','LOCX680203RC3'),(34,'epineda34','UGTam8vU','Elsa ','Pineda','Robledo','MéxicoD.F',NULL,'PIRE681029MDFNBL08','Mexicana','0000-00-00 00:00:00','Luz Saviñon ',406,104,'Del Valle',3100,'55361266',NULL,'0445554309410',NULL,NULL,'elsapiro8@yahoo.com.mx',51,'D.F','Benito Juarez','PIRE681029'),(36,'vbonilla36','bABvbf2q','Venustiano Joaquín','Bonilla','Amador',NULL,NULL,'BOAV610223HDFNMN02','Mexicano','1961-02-23 00:00:00','San Marcos',126,NULL,'Tlalpan Centro',14000,NULL,NULL,NULL,NULL,NULL,'pumaultrarebel@gmail.com',51,'Distrito Fedcoseral','Tlalpan','BOAV610223AZ7'),(38,'ccasas38','IQ@Y2Wh4','Claudia Gabriela','Casas','Meugniot','Acapulco, Guerrero',NULL,'CAMC700310MGRSGL03','Mexicana','1970-03-10 00:00:00','Eucaliptos',3,NULL,'Jardines de San Mateo',53240,'55608382',NULL,NULL,NULL,NULL,'gcasasmeugniot@gmail.com',51,'México','Naucalpan','CAMC7003103u8'),(39,'mlopez39','NY1tOgOg','maria de lourdes','lopez','ramirez',NULL,NULL,'lorl470411mdfpmr05','mexicana','1947-04-11 00:00:00','cerrada de la hacienda',1789,NULL,'Fracionamiento Hacienda de Lourdes',21297,NULL,NULL,NULL,NULL,NULL,'lululop46@gmail.com',51,'baja california','Mexicali','lorl470411fv6'),(40,'mmerelles40','vV3Y$H76','Monica','Merelles','Lourido','Cd. Obregón, Sonora',NULL,'MELME830324','Mexicana','1983-03-24 00:00:00','Imuris',2123,NULL,'Villa California',85038,'6444146465',NULL,NULL,NULL,NULL,'monymerelles@hotmail.com',51,'Sonora','Cajeme','MELME830324'),(41,'arangel41','JXV9GMpv','Alejandra','Rangel','Olvera','Distrito Federal',NULL,'RAOA740913MDFNLL01','Mexicana','1974-09-13 00:00:00','Calle de los Doctores',1,10,'Lomas de Jiutepec',62566,'017775160411',NULL,'0447771205449',NULL,NULL,'alejandrina13@gmail.com',51,'Morelos','Jiutepec','RAOA7409139F7'),(47,'lalfaro47','VJA#dTFN','Luis Francisco','Alfaro','Valdez','Ciudad de México',NULL,'AAVL790926HDFLLS02','Mexicano','1979-09-26 00:00:00','Privada Francisco Sarabia',630,6,'El Brasilito',29000,'(961) 611 0930',NULL,NULL,NULL,NULL,'luisalfaro79@gmail.com',51,'Chiapas','Tuxtla Gutiérrez','AAVL790926FH8'),(49,'rmontalvo49','g4I2ScDr','REYNA GUADALUPE','MONTALVO','FLORES',NULL,NULL,'MOFR720104MYNNLY05','MEXICANA','1972-01-04 00:00:00','san antonio cinta ',22,118,'SAN ANTONIO CINTA',97139,NULL,NULL,NULL,NULL,NULL,'rgmflores@gmail.com',51,'YUCATAN','MERIDA','MOFR720104'),(51,'drivera51','s&5pvGPY','Diana Margarita','Rivera ','Ortega','mexicana',NULL,'RIOD700609MDFVRN02','Mexicana','2013-04-19 00:00:00','Nicolas San juan ',626,0,'Del Valle',3100,'47528555',NULL,'30002168',NULL,NULL,'dianam_rivera@hotmail.com',51,'Distrito Federal','Benito Juárez','RIOD700609'),(52,'jbarba52','Xqz9BGyU','Josefina Guadalupe','Barba','Camacho','Mexico DF',NULL,NULL,'Mexicana','1964-10-28 00:00:00','7 North 9 St',NULL,NULL,NULL,17042,'717 2227948',NULL,'717 2724062',NULL,NULL,'guadalupe_barba@yahoo.com.mx',52,'PA','Lebanon',NULL),(53,'flicona53','rBD5BL3J','fernando ignacio','Licona','Cervantes','Pachuca, Hgo',NULL,'LICF790731HHGCRR01','Mexicana','1979-07-31 00:00:00','Porvenir',300,NULL,'Arbolito',42010,'7717156106',NULL,'7711383083',NULL,'7711383083','filideuus@hotmail.com',51,'Hidalgo','Pachuca','LICF790731'),(54,'dortiz54','41vI70%Q','Darío Eduardo','Ortiz ','Quijano','Tula de Allende, Hidalgo',NULL,'OIQD860523HHGRJR04','Mexicano','1986-05-23 00:00:00','Vicente Guerrero',0,0,'La Loma',42760,'01(763)7375413',NULL,'01(759)7232789',NULL,'01(759)7232788','dortiz2305@hotmail.com',51,'Hidalgo','Tezontepec de Aldama','OIQD860523'),(55,'lcarrasco55','4HBagY*p','LUIS EDGAR','CARRASCO','FILISOLA','MÉXICO D.F.',NULL,'CAFL790706HDFRLS05','MEXICANA','1979-07-06 00:00:00','Gacela',12,22,'LA PRADERA',76269,'4423399730',NULL,NULL,NULL,NULL,'edgarfilisola@hotmail.com',51,'Querétaro','EL MARQUES','CAFL790706'),(56,'anunez56','OGY%&&qO','Andrea','Núñez ','Gamboa ','León, Guanajuato ',NULL,'NUGA880627MGTXMN03','Mexicana ','1988-06-27 00:00:00','Cerrada de Loma del Potrero ',128,NULL,'Lomas del Campestre ',3715,'014777172585',NULL,'014777109000',NULL,NULL,'nez.andrea@gmail.com',51,'Guanajuato ','León ','NUGA8806277C3'),(57,'cluciano57','FmMkrNF@','Cecilia','Luciano','Carrillo','Mexico D.F.',NULL,'LUCC821129MDFCRC06','Mexicana','1982-11-29 00:00:00','Andador Tecamac',66,NULL,'Fracc. Venta de Carpio',55060,'0445543742829',NULL,'55493060',NULL,NULL,'cecylucciano@gmail.com',51,'Mexico','Ecatepec','LUCC821129NU2'),(58,'ldelolmo58','yq677PMk','Laura Elena','Del Olmo','Frese','Torreón, Coahuila',NULL,'OOFL701102MCLLRR04','Mexicana','1970-11-02 00:00:00','San Alejandro',1803,NULL,'San Ignacio',927,'1-787-632-3611',NULL,'1-787-723-2524',NULL,'1-787-721-4746','lauradelof@gmail.com',76,'Puerto Rico','San Juan','OOFL701102'),(59,'jtoral59','4A6WMaO#','JORGE HORACIO','TORAL','CEJA','DISTRITO FEDERAL',NULL,'TOCJ750522HDFRJR05','MEXICANO','1975-05-22 00:00:00','PLUTARCO',166,0,'PROGRECISTA',9260,'63081501',NULL,'5545460480',NULL,NULL,'jorgetoralceja@hotmail.com',51,'DISTRITO FEDERAL','VENUSTIANO CARRANZA','TOCJ750522'),(62,'agonzalez62','4KKn4%O7','ALICIA ESTHER','GONZALEZ','LIRA','MEXICO, DF',NULL,'GOLA850208MDFNRL03','MEXICANA','2013-05-08 00:00:00','PROLONGACION EMILIANO ZAPATA RETORNO QUINIENTOS OCHO',49,49,'UNIDAD MODELO',9089,'55820146',NULL,NULL,NULL,NULL,'alicia_glz@live.com.mx',51,'DISTRITO FEDERAL','IZTAPALAPA','GOLA850208M30'),(63,'apina63','pVPcBrTm','ABEL TOHIL','PIÑA','NOGUEZ','Querétaro, Qro.',NULL,'PINA760613HQTXGB07','MEXICANA','1976-06-13 00:00:00','Carr. a Huimilpan KM',35,10,'Fraccionamiento Las Condes',76900,'4422259156',NULL,'4422519600',NULL,NULL,'atpino@gmail.com',51,'Querétaro','Corregidora','PINA760613'),(64,'tpena64','cczCaKHF','Tania','Peña ','Pichardo','México, DF',NULL,'PEPT760822MDFXCN02','Mexicana','1976-08-22 00:00:00','Carr. Picacho Ajusco Mz. Lt',229,10,'Héroes de Padierna',14200,'46221330',NULL,'38711000',NULL,NULL,'taniapp36@gmail.com',51,'Distrito Federal','Tlalpan','PEPT760822F30'),(65,'jflores65','gc6QYyUT','Juan Gilberto','Flores','Alvarado','Monterrey',NULL,'FOAJ810414HNLLLN04','Mexicano','1981-04-14 00:00:00','Casa de Abejas',2102,NULL,'Valle de Casa Blanca',66478,'8112350050',NULL,'8180488470',NULL,NULL,'gilflores814@gmail.com',51,'Nuevo León','San Nicolás dr los Garza','FOAJ810414H67'),(66,'cpenaloza66','Ah9px8YY','CARLOS ALAN','PEÑALOZA','VILLA','MÉXICO DF',NULL,'PEVC880404HDFXLR01','MEXICANA','1988-04-04 00:00:00','AVENIDA HIDALGO',504,0,'GRANJAS ESTRELLA',9850,'54268908',NULL,'5551079103',NULL,NULL,'carlosapv88@gmail.com',51,'DF','IZTALAPA','PEVC880404HDFXLR01'),(67,'sacosta67','cJOmJ9B5','Solangel','Acosta','Chuc','Chetumal',NULL,'AOCS880404MQRCHL08','Mexicana','1988-04-04 00:00:00','Av. Bugambilias',559,NULL,'8 de octubre',77028,'9831401839',NULL,NULL,NULL,NULL,'la_enana_amarilla@hotmail.com',51,'Quintana Roo','Othón P. Blanco',NULL),(68,'vnajera68','KDW4*kaM','Victor Guillermo','Najera','Garcia','México distrito federal.',NULL,'NAGV871206HDFJRC09','Mexicana ','1987-12-06 00:00:00','Cda. violetas',0,0,'San Buenaventura',56530,'0445511208782',NULL,'0445515662646',NULL,NULL,'harryto12@hotmail.com',51,'Estado de México','Ixtapaluca ','NAGV871206'),(69,'rderas69','bc@zBOHN','Rigoberto','Deras','Morales','México, D.F.',NULL,'DEMR841023HDFRRG06','Mexicana','1984-10-23 00:00:00','Ejido',705,2,'Santa Teresita',63020,'2126260',NULL,'2118800',NULL,NULL,'rigo_deras@hotmail.com',51,'Nayarit','Tepic','DEMR841023645'),(70,'jtrejo70','NNPra2VM','JESUS','TREJO','GONZALEZ','ZACATLAN, PUEBLA, MEXICO',NULL,'TECJ860323HPLRNS08','MEXICANA','0000-00-00 00:00:00','VICENTE GUERREO ',NULL,NULL,'EL TAJIN',93400,'7821476799',NULL,NULL,NULL,NULL,'chuchotrejocp@gmail.com',51,'VERACRUZ','PAPANTLA','TEGJ860323JF6'),(71,'jvarela71','gM94ZC3#','Javier','Varela','Aguirre','Orizaba Veracruz',NULL,'VAAJ770510HVZRGV09','Mexicana','1977-05-10 00:00:00','República del Salvador',12,2,'Francisco I madero',91070,'012281318576',NULL,NULL,NULL,NULL,'varelaaguirre@hotmail.com',51,'Veracruz','Xalapa','VAAJ770510LC1'),(73,'admin','4dm1Ncg3','Administrador',NULL,NULL,NULL,NULL,NULL,NULL,NULL,NULL,NULL,NULL,NULL,NULL,NULL,NULL,NULL,NULL,NULL,NULL,51,'Distrito Federal','Iztapalapa',NULL),(74,'jgutierrez74','SNJSL3k6','JOSE MANUEL','GUTIERREZ','MINERA','MEXICO DF',NULL,'GUMM810516HDFTNN01','MEXICANA','1981-05-16 00:00:00','SAN ANGEL ST',706,0,NULL,78572,'+19562216357',NULL,'+19562787108',NULL,NULL,'jmgm00@gmail.com',52,'TEXAS','','GUMM810516'),(75,'aperez75','$@jYHk6D','Alonso Fernando','Pérez ','Fernández Fragua','México, D.F.',NULL,'PEFA820504HDFRRL11','Mexicana','1982-05-04 00:00:00','Priv. de la 25 Pte. ',107,2,'Chula Vista',72420,'2226208744',NULL,'2222422808',NULL,NULL,'fraguando@hotmail.com',51,'Puebla','Puebla','PEFA820504PY3'),(76,'emendoza76','Qhn1d&5c','Edalid','Mendoza','Avila','México, D.F.',NULL,'MEAE730115MDFNVD04','mexicana','1973-01-15 00:00:00','Duna',16,202,'Insurgentes Cuicuilco',4530,'65462124',NULL,'56248773',NULL,'56226944','edalid.mendoza@muac.unam.mx',51,'Distrito Federal','Coyoacán','MEAE 730115'),(77,'mvalero77','h1$3cb&h','Melisa','Valero','Cicero','méxico, distrito federal ',NULL,'VACM810904MDFLCL09','mexicana ','1981-09-04 00:00:00','Tabasco',156,0,'Roma',6760,'62374629',NULL,'51303337',NULL,NULL,'soymelisa@gmail.com',51,'distrito federal','Cuauhtémoc','VACM-810904-978'),(78,'mcopca78','SSD8&4kf','Maricarmen Albany','Copca','Nieto','Pachuca, Hidalgo',NULL,NULL,'Mexicana','1983-09-15 00:00:00','Privada Maestranza Finca 33',NULL,NULL,'Maestranza',42060,'0177136967',NULL,NULL,NULL,NULL,'maricarmen.copca@gmail.com',51,'hidalgo','Pachuca',NULL),(85,'moviedo85','rF7C0UyB','María del Carmen ','Oviedo','Parra','Huautla, Hgo.',NULL,'OIPC760315MHGVRR07','Mexicana','1976-03-15 00:00:00','Carlos Herrera Ordóñes',508,NULL,'Privadas del Parque',42083,'7711114809',NULL,'7717176400',NULL,NULL,'ocamy@hotmail.com',51,'Hidalgo','Mineral de la Reforma','OIPC760315'),(86,'jlopez86','W@97QI&A','Judith Guadalupe','López','Torres','Guadalajara',NULL,'LOTJ850226MJCPRD07','Mexicana','0000-00-00 00:00:00','Isla Sumatra ',2912,NULL,'Bosques de la Victoria',44540,'013315221959',NULL,'013535317886',NULL,NULL,'lupisloto@hotmail.com',51,'Jalisco','Guadalajara','LOTJ8502268S9'),(88,'mrueda88','*Aq496%Y','Ma. Isabel','Rueda','Smithers','México, DF',NULL,'RUSI640125MDFDMS06','Mexicana','0000-00-00 00:00:00','16 de septiembre',15,NULL,'Manuel Ávila Camacho',53910,'52949952',NULL,'91757944',NULL,NULL,'marirueda@hotmail.com',51,'México','Naucalpan','RUSI640125PJ1'),(89,'jramirez89','*f$jaMM5','Juan Manuel','Ramírez','Rave','Cartago - Valle',NULL,'---------','Colombiano','1979-07-12 00:00:00','Cra. 29',18136,0,'Tulcan I',660004,'3211184',NULL,NULL,NULL,NULL,'jmramirezrave@gmail.com',85,'Risaralda','Pereira',NULL),(90,'jzazueta90','b7TayhJf','Judith','Zazueta','Aldapa','Culiacán, Sinaloa',NULL,'ZAAJ640924MSLZLD08','Mexicana','1964-09-24 00:00:00','Benito Juárez',981,NULL,'Las Vegas',80090,'6677154951',NULL,NULL,NULL,NULL,'judith_zazueta@hotmail.com',51,'Sinaloa','Culiacán','ZAAJ640924'),(91,'mrodriguez91','hOLZLd*j','MARIANA','RODRIGUEZ','RANGEL','MÉXICO, D.F.',NULL,'RORM851123MDFDNR08','MEXICANA','1985-11-23 00:00:00','CARLOS TEJEDA',184,NULL,'GRANJAS VALLE DE GUADALUPE',55270,'58303372',NULL,NULL,NULL,NULL,'MARIANA.ROW@GMAIL.COM',51,'MEXICO','ECATEPEC','RORM851123GT5'),(92,'mdelrasso92','ypPcttHn','Masaya','Del Rasso','Sáyago','Morelos',NULL,'RASM880525MMSSYS00','Mexicana','1988-05-25 00:00:00','Frans Blom',1,NULL,'Barrio El Cerrillo',29220,'9671380937',NULL,NULL,NULL,NULL,'masaya.drs@gmail.com',51,'Chiapas','San Cristóbal de las Casas','RASM880525'),(93,'mnarvaez93','GB4yftgC','Monserrat','Narvaez','Naranjo','México, D.F.',NULL,'NANM900413MDFRRN03','Mexicana','1990-04-13 00:00:00','5',43,301,'san pedro de los pinos ',3800,'52779611',NULL,'0445516785045',NULL,NULL,'mons347@hotmail.com',51,'Distrito federal','Benito Juárez','NANM900413I18'),(94,'jprieto94','pgpVKU6O','Jose Mauricio ','Prieto ','Astudillo','Mexico, Distrito Federal',NULL,'PIAM830711HDFRSR02','Mexicano','1983-07-11 00:00:00','Obeliscos',521,NULL,'Fracc. Bosque de los Olivos',22818,'6643866014',NULL,'6646096133',NULL,NULL,'mauriciovonbrigoi@gmail.com',51,'Baja California','Ensenada','PIAM8307113V7'),(95,'mceja95','rmG@vY4k','María Marcela ','Ceja','González','Uruapan, Michoacán',NULL,'CEGM660220MMNJNR07','Mexicana','1966-02-20 00:00:00','Justo Mendoza',46,NULL,'Morelos',60050,'(452) 5231515',NULL,'(443) 3228933 Ext. 1',NULL,NULL,'cejamarcela@yahoo.com.mx',51,'Michoacán','Uruapan','CEGM660220'),(96,'rentzana96','NYSSXk$3','RAMON','ENTZANA','MUCIñO','Huixquilucan',NULL,'eamr750303fa1','mexicana','1975-03-03 00:00:00','emiliano zapata',12,NULL,'san melchor',52760,'82842362',NULL,NULL,NULL,NULL,'rentzana@gmail.com1',51,'estado de mexico','huixquilucan','eamr750303fa1'),(97,'pespinosa97','9t&KxQ#X','PAULA ESTELA','ESPINOSA','VILLAURRUTIA','MÉXICO, D.F',NULL,'EIVP830708MDFSLL01','MEXICANA','0000-00-00 00:00:00','Puente de Alvarado',45,0,'Buenavista',6350,'57056333',NULL,NULL,NULL,NULL,'paulavillaurrutia@gmail.com',51,'Distrito Federal','Cuauhtémoc',' EIVP830708PR6'),(100,'aesparza100','5VpMWB85','ARMANDO MANUEL','ESPARZA','MIRANDA','México, D.F.',NULL,'EAMA670916HDFSRR00','Mexicano','1967-09-16 00:00:00','Circuito Río Potosí',59,NULL,'Paseos de Churubusco',9030,'56500083',NULL,NULL,NULL,NULL,'aesparza@sre.gob.mx',51,'Distrito Federal','Iztapalapa','EAMA670916PS6'),(101,'cmarin101','@dFJaYp$','CLAUDIA CRISTELL','MARíN','BERTTOLINI','Villahermosa, Tabasco',NULL,'MABC801101MTCRRL01','Mexicana','1980-11-01 00:00:00','35 Sur',2706,3,'Santa Cruz Los Ángeles',72400,'2221203557',NULL,'2222293850',NULL,'2222293850','claudia.marin.berttolini@gmail.com',51,'Puebla','Puebla','MABC801101HP8'),(102,'msilveira102','2j@fX#%#','MICHELLE SUSANA','SILVEIRA','ANGELES','México, D.F.',NULL,'SIAM790519MDFLNC01','Mexicana','0000-00-00 00:00:00','Pirineos',239,0,'Santa Cruz Atoyac',3310,'56010553',NULL,NULL,NULL,NULL,'sil.mich.1979@gmail.com',51,'Distrito Federal','Benito Juárez','SIAM790519'),(103,'klopez103','y8mSy7NK','KIZZY ALEJANDRA','LOPEZ','CRISTOBAL','OAXACA DE JUAREZ',NULL,'LOCK830410MOCPRZ07','MEXICANA','1983-04-10 00:00:00','5A DE TINOCO Y PALACIOS',511,3,'CENTRO',68000,'9511746724',NULL,'9515164556',NULL,NULL,'lopecristo@hotmail.com',51,'OAXACA','OAXACA DE JUAREZ','LOCK830410UN8'),(104,'nvieyra104','@6sg1SYw','NITZIA','VIEYRA','VELáZQUEZ','Morelia, Mich.',NULL,'VIVN880424MMNYLT08','Mexicana','1988-04-24 00:00:00','Paquinhuata ',553,NULL,'Felix Ireta',58070,'3153368',NULL,NULL,NULL,NULL,'napp_137@hotmail.com',51,'Michoacán','Morelia','VIVN880424'),(105,'vsilva105','SjwW6kCI','VICTORIA','SILVA',' DE LA LLAVE','Toluca, Edo Méx',NULL,' 	SILV850318MMCLLC07','Méxicana','1985-03-18 00:00:00','Texcoco',1122,0,'Barrio la Teresona',50040,'0447221663823',NULL,NULL,NULL,NULL,'vicos.cordero@gmail.com',51,'Toluca','Toluca',NULL),(116,'sgarcia116','Yz%txkPw','SARA GRACIELA','GARCíA','CEJA','México D.F.',NULL,'GACS750717MDFRJR05','mexicana','1975-07-17 00:00:00','San Miguel de las Piedras',0,0,'San Miguel de las Piedras 2a Seccioón',42820,'01773 73 2 07 67',NULL,'01 773 73 2 91 00',NULL,NULL,'angelesychiles75@yahoo.com.mx',51,'Hidalgo','Tula de Allende ','GACS750717UF5'),(117,'mavila117','Jzs5jvg$','MARIANA','AVILA','MORENO','PUEBLA',NULL,'AIMM791031MPLVRRO6','MEXICANA','1979-10-31 00:00:00','CERRADA TURIN ',16,NULL,'OBREROS ONDEPENDIENTES SUR',72104,'2226681214',NULL,'2295500',NULL,NULL,'pangea22@hotmail.com',51,'PUEBLA','PUEBLA','AIMM79103'),(119,'aavila119','H#@v#&ta','ARTURO','ÁVILA','VAL','Uruapan, Michoacán',NULL,'AIVA 720301HMNVLR00','Mexicana','1972-03-01 00:00:00','20 de noviembre',51,NULL,'Centro',60000,'01 452 524 03 09',NULL,'01 452 524 76 13',NULL,'01 452 523 68 22','opus_nigrum@hotmail.com',51,'Michoacán','Uruapan','AIVA 720301 KX7'),(120,'brodriguez120','kZnSwZHG','BRENDA','RODRíGUEZ','GARCíA','Culiacán Rosales',NULL,'ROGB771222MSLDRR03','Mexicana','1977-12-22 00:00:00','Gustavo Garmendia',1258,0,'Miguel Hidalgo',80090,'016672580843',NULL,'016677163171',NULL,NULL,'brenda@radiouas.org',51,'sinaloa','Culiacán Rosales',NULL),(121,'lsosa121','fnN8#$$T','LORENA','SOSA','AGUILAR','México, D.F. ',NULL,'SOAL800907MDFSGR04','Mexicana','1980-09-07 00:00:00','Tlacoquemécatl',139,403,'Del Valle',3200,'015513846577',NULL,'015255757931',NULL,NULL,'sosa.a.lorena@gmail.com',51,'Distrito Federal','Benito Juárez','SOAL800907UWA'),(122,'rbernardo122','GaM2abJ@','ROSELIA ','BERNARDO ','SANTOS ','Oaxaca de Juárez ',NULL,'BESR780505MOCRNS06','Mexicana ','1978-05-05 00:00:00','Camino Nacional ',735,0,'Fraccionamiento Los Sauces ',68010,'019511320587',NULL,'0459511124984',NULL,NULL,'roseliabs@hotmail.com',51,'Oaxaca ','Oaxaca de Juárez ','BESR780505'),(124,'ccarballar124','Zf@%#UM5','CARLOS','CARBALLAR','VáZQUEZ','Guadalajara',NULL,'CAVC891216HJCRZR06','Mexicano','1989-12-16 00:00:00','Portal del Mezcal',1325,9,'Villas del Perisur',45236,'(33) 31809868',NULL,'(33) 1046 0702 ',NULL,NULL,'carlos.carballar@gmail.com',51,'Jalisco ','Zapopan','CAVC8912167C5'),(125,'shernandez125','A8IxzB6C','SERGIO ENRIQUE','HERNáNDEZ','LOEZA','Puebla, México',NULL,'HELS811104HPLRZR09','Mexicana','1981-11-04 00:00:00','C',11,NULL,'Arboledas del Sur',72540,'012222447996',NULL,'012333142962',NULL,NULL,'ergo04@gmail.com',51,'Puebla','Puebla','HELS8111044R2'),(126,'gvizcaino126','hTB@&cnt','GUSTAVO','VIZCAÍNO','PÉREZ','ESTADO DE MÉXICO',NULL,'VIPG810223HMZCRS15','MEXICANA','1981-02-23 00:00:00','EMILIO AZCARRAGA',0,201,'EJERCITO DE ORIENTE',9230,'57443920',NULL,'56290200 EXT. 13060',NULL,NULL,'gu_s_vo@yahoo.com.mx',51,'DISTRITO FEDERAL','IZTAPALAPA','VIPG810223LC8'),(127,'gmorfin127','mjMXh#Nn','GABRIELA','MORFíN','DAMY','Mazatlán, Sinaloa, México',NULL,'MODG721214MSLRMB01','Mexicana','1972-12-14 00:00:00','Valle verde',3025,NULL,'Valle Alto',80050,'6677895208',NULL,'6677152111',NULL,NULL,'gabriela.morfin@gmail.com',51,'Sinaloa','Culiacán','MODG7212149U3'),(128,'bperez128','knaQTTt9','BEATRIZ ADRIANA','PEREZ','SANTIAGO','DISTRITO FEDERAL',NULL,'PESB781025MDFRNT07','MEXICANA','1978-10-25 00:00:00','VALLADOLID',43,NULL,'JOSÉ LÓPEZ PORTILLO',13410,'58413908',NULL,'56082201',NULL,NULL,'bettyaps@hotmail.com',51,'DISTRITO FEDERAL','TLAHUAC','PESB7810255T3'),(129,'lmonreal129','OLXyvYwO','LUIS RODOLFO','MONREAL','ACOSTA','SAN LUIS POTOSÍ, SLP.',NULL,'MOAL721020HSPNCS03','MEXICANA','1972-10-20 00:00:00','DEL ARCE',320,NULL,'DEL ARCE',78029,'4441060738',NULL,NULL,NULL,NULL,'lrmonreal@gmail.com',51,'SAN LUIS POTOSI','SAN LUIS POTOSI','MOAL721020E44'),(130,'ccamarena130','h6C#F##2','CAROLINA','CAMARENA','ROBLES','CULIACAN',NULL,'CARC870909MSLMBR00','MEXICANA','1987-09-09 00:00:00','CARLOS DE LINEO',1913,2,'CHAPULTEPEC',80040,'016677160413',NULL,'016677139933',NULL,NULL,'carolinacamarenarobles@gmail.com',51,'SINALOA','CULIACAN','CARC870909'),(131,'mpascual131','h7ftLtBg','MARIANA','PASCUAL','CáCERES','Distrito Federal',NULL,'PACM830123MDFSCR07','mexicana','1983-01-23 00:00:00','Niños Héroes de Chapultepec',102,0,'Niños Héroes de Chapultepec',3440,'0445540842914',NULL,'41550730',NULL,NULL,'mariapascuala@gmail.com',51,'Distrito Federal','Delegación Benito Juárez','PACM830123Q75'),(132,'amendoza132','D$0@hAMN','ARACELI','MENDOZA','AYALA','Mexico DF',NULL,'MEAA820920MDFNYR03','mexicana','1982-09-20 00:00:00','avenida gustavo diaz ordaz',38,13,'am. piloto',1298,'12852095',NULL,NULL,NULL,NULL,'araceli.estipite@gmail.com',51,'distrito federal','Alvaro Obregon','MEAA820920'),(133,'jgarcia133','kAOw$MFr','JESUS FRANCISCO','GARCIA','CHAVEZ','MÉXICO D.F',NULL,'GACJ751004EH6','MEXICANA','0000-00-00 00:00:00','CARRIL ',NULL,0,'SN JUAN XALPA',9850,'56127579',NULL,'5528487185',NULL,NULL,'PINGO19802002@YAHOO.COM.MX',51,'DF','IZTAPALAPA','GACJ751004EH6'),(134,'mguallar134','rpDCyPFZ','MARIA  JOSE','GUALLAR','KORN','CHILE',NULL,'XXX','CHILE','0000-00-00 00:00:00','XXX',NULL,1,'XXX',123,'28487185',NULL,NULL,NULL,NULL,'GEST@XANUM.UAM.MX',84,'SANTIAGO','XXX','XXX'),(135,'jhubert135','@wMWT&br','JOSéPHINE AUDE EDITH JEANNE','HUBERT',NULL,'Rouen, Francia',NULL,'HUXJ880402MNEBXS01','Francesa','1988-04-02 00:00:00','Guillermo Prieto',95,NULL,'San Rafael',6470,'044 55 44 78 87 40',NULL,NULL,NULL,NULL,'josephine.hubert@gmail.com',51,'Ciudad de México','Cuauhtémoc','HUJO880402753'),(136,'136','9xKr4GM7',NULL,NULL,NULL,NULL,NULL,NULL,NULL,NULL,NULL,NULL,NULL,NULL,NULL,NULL,NULL,NULL,NULL,NULL,NULL,151,'','',NULL),(137,'gprado137','VJ#&MfHK','GUNNARY','PRADO','CORONADO','Morelia, Michoacán',NULL,'PACG810126MMNRRN01','Mexicana','1981-01-26 00:00:00','Ex-hacienda de Sta. María',45,NULL,'Ex-Hacienda de San José',58880,'0444432177684',NULL,'3040568',NULL,NULL,'gunnary.prado@gmail.com',51,'Michoacán','Tarímbaro','PACG810126 ECA'),(138,'sfsdafd138','KxUcrCrh','SDAFASDF','FSDAFD','ASDFASDF',NULL,NULL,'asfdwq4214234','sdafasd','2013-07-03 00:00:00','asdfas',23523,231234,'afasdf',2341234,NULL,NULL,NULL,NULL,NULL,'reesrqwe@gamil.co',151,'afasdf','asdfasdf','sdafq341234'),(139,'aasda139','cYwB2zbV','ASDASD','ASDA','SDASD',NULL,NULL,'234124','aSDAsd','2013-09-11 00:00:00','SADFASDF',231421,2341234,'WRQERQWER',421341234,NULL,NULL,NULL,NULL,NULL,'WEQRWQER@GMAIL.COM',51,'sadASF','SARASFWER','QWE4RER'),(140,'aaaaaa140','PHv68h0V','AAAAA','AAAAA','AAAA',NULL,NULL,'sssss','aaaa','2013-09-02 00:00:00','aaaaa',23,1,'asda',1234,NULL,NULL,NULL,NULL,NULL,'aaaa@gmail.com',23,'aaaaa','asd',NULL),(145,'aaaaaa145','TDss5O#6','AAAAA','AAAAA','AAAA',NULL,NULL,'aasd2342','aaaa','2013-09-03 00:00:00','serg',25,36,'fsdrewv',14587,NULL,NULL,NULL,NULL,NULL,'a64a@gmail.com',151,'dsdes','defes','aaaa5555'),(147,'dcsfgre147','6rxQOUX8','DERFC','CSFGRE','FVFGFGJH',NULL,NULL,'assdfg788','ggggyy','2013-09-04 00:00:00','asdftgr',14,4,'rreybdsvd',146582,NULL,NULL,NULL,NULL,NULL,'aalb@gmail.com',197,'grtui','coyo','asee55677'),(149,'aadr149','CsA%w8Dv','ARTU','ADR','ADFRT',NULL,NULL,'aserf678','mex','2013-09-12 00:00:00','aseder',156,152,'asss',145323,NULL,NULL,NULL,NULL,NULL,'aalbe@gmail.com',70,'iuuhjnk','coyuyu','aser789'),(150,'afdgsdsdfg150','j2xy6MPZ','ASGTDFGSADG','FDGSDSDFG','SDFGSDFG',NULL,NULL,'21342134','sdfgsdfg','2013-09-03 00:00:00','sdafsadf',2342314,21342134,'2142134',2341412,NULL,NULL,NULL,NULL,NULL,'asdfsadf@gmail.com',3,'safsdf','wqerwer','21432134'),(157,'rallll157','4V@&L$q@','ROY','ALLLL','RMMM',NULL,'M',NULL,'mexicano',NULL,NULL,NULL,NULL,NULL,NULL,NULL,NULL,NULL,NULL,NULL,'aaalllgg@hotmail.com',99,'cholula','',NULL),(159,'aarea,r159','tv0ZnSwU','ART','ÁREA,R','POR',NULL,'M',NULL,'Mexica',NULL,NULL,NULL,NULL,NULL,NULL,NULL,NULL,NULL,NULL,NULL,'aalva2012@gmail-com',54,'Saldo','',NULL),(162,'aarea,r162','8Mpq8Cwa','ART','ÁREA,R','POR',NULL,'M',NULL,'Mexica',NULL,NULL,NULL,NULL,NULL,NULL,NULL,NULL,NULL,NULL,NULL,'aalva@gmail.com',54,'Saldo','',NULL),(163,'eewrtwert163','g&@%ONTb','EWQRWEQTER','EWRTWERT','ERWTWERT',NULL,'M',NULL,'wewetwert',NULL,NULL,NULL,NULL,NULL,NULL,NULL,NULL,NULL,NULL,NULL,'wqrwqerwqerwqer@csadfsda.com',151,'wearqwerqwer','',NULL),(164,'aalkjkj164','05x&OrLL','AAAA','ALKJKJ','KSKSMS',NULL,'M',NULL,'fdfdf',NULL,NULL,NULL,NULL,NULL,NULL,NULL,NULL,NULL,NULL,NULL,'djddjdj@gmail.com',151,'ghgh','',NULL),(166,'adfjfjfj166','VOOz$AGD','AAA','DFJFJFJ','AAAAA',NULL,'M',NULL,'ldsjd',NULL,NULL,NULL,NULL,NULL,NULL,NULL,NULL,NULL,NULL,NULL,'aaddad@gmail.com',151,'grr','',NULL),(174,'acjcolsss174','p1mFnF4U','ALOSNSO','CJCOLSSS','OLMNBV',NULL,'M',NULL,'amonfdd',NULL,NULL,NULL,NULL,NULL,NULL,NULL,NULL,NULL,NULL,NULL,'aaggllññ@gmail.com',54,'dddddd','',NULL),(180,'mherpes180','SWAq5aHQ','MAURICIO','HERPES','SANGRON',NULL,'M',NULL,'Jupiter',NULL,NULL,NULL,NULL,NULL,NULL,NULL,NULL,NULL,NULL,NULL,'justro@hotmail.com',85,'NBarco','',NULL),(182,'fminero182','IF1ZSKVG','FERNANDO','MINERO','BICIEGO',NULL,'M',NULL,'Mexicana',NULL,NULL,NULL,NULL,NULL,NULL,NULL,NULL,NULL,NULL,NULL,'omega17fer@hotmail.com',51,'Distrito Federal','',NULL),(184,'rsanchez184','MSX@6zb$','ROBERTO','SANCHEZ','HERNANDEZ',NULL,'M',NULL,'Mexicana',NULL,NULL,NULL,NULL,NULL,NULL,NULL,NULL,NULL,NULL,NULL,'Roberto_sanchez_1@outlook.com',51,'Chiapas','',NULL),(185,'jhernandez185','Pkq3Qj&v','JACQUELINE ','HERNANDEZ','PONCE DE LEóN ',NULL,'F',NULL,'mexicana',NULL,NULL,NULL,NULL,NULL,NULL,NULL,NULL,NULL,NULL,NULL,'jaqueeher15@live.com',51,'','',NULL),(188,'mvelazquez188','NWNI40WM','MARTHA ELIZABETH','VELáZQUEZ','ROJAS',NULL,'F',NULL,'Mexicana',NULL,NULL,NULL,NULL,NULL,NULL,NULL,NULL,NULL,NULL,NULL,'marthavelazquez@yahoo.com.mx',51,'Estado de México','',NULL),(189,'jentzana189','XyLAch21','JOSE RAMON','ENTZANA','MUCIÑO',NULL,'M',NULL,'Mexicano',NULL,NULL,NULL,NULL,NULL,NULL,NULL,NULL,NULL,NULL,NULL,'entzana@mexico.com',51,'DF','',NULL),(190,'mhermocillo190','T$SntGtX','MARÍA VIRIDIANA','HERMOCILLO','RAMÍREZ',NULL,'F',NULL,'Mexicana',NULL,NULL,NULL,NULL,NULL,NULL,NULL,NULL,NULL,NULL,NULL,'virihermocillo@gmail.com',51,'Distrito Federal','',NULL),(191,'asevilla191','bbUsw6@1','ANTONIO','SEVILLA','TAPIA',NULL,'M',NULL,'Mexicano',NULL,NULL,NULL,NULL,NULL,NULL,NULL,NULL,NULL,NULL,NULL,'asevillatapia@yahoo.com.mx',51,'Distrito Federal','',NULL),(196,'tcaballero196','1Dk#U4ay','TERESITA DEL ROSARIO','CABALLERO','ROBLES',NULL,'F',NULL,'Mexicana',NULL,NULL,NULL,NULL,NULL,NULL,NULL,NULL,NULL,NULL,NULL,'trcr@xanum.uam.mx',51,'DF','',NULL),(197,'oespinosa197','tcFw$A7q','OLIVIA','ESPINOSA','GóMEZ',NULL,'F',NULL,'Mexicana',NULL,NULL,NULL,NULL,NULL,NULL,NULL,NULL,NULL,NULL,NULL,'olyesgo@hotmail.com',51,'Distrito FEDERAL ','',NULL),(201,'tlarrondo201','4Psk$PVB','TANYA','LARRONDO','SALDAÑA',NULL,'F',NULL,'Mexicana',NULL,NULL,NULL,NULL,NULL,NULL,NULL,NULL,NULL,NULL,NULL,'larrondo@live.com.mx',51,'Distrito Federal','',NULL),(202,'eayala202','63JH8Qvj','ENRIQUE','AYALA','DUVAL',NULL,'M',NULL,'Mexicana',NULL,NULL,NULL,NULL,NULL,NULL,NULL,NULL,NULL,NULL,NULL,'ead@xanum.uam.mx',51,'Distrito Federal','',NULL),(203,'mmaldonado203','62@rfKSI','MARíA DEL CARMEN','MALDONADO','MONROY',NULL,'F',NULL,'Mexicana',NULL,NULL,NULL,NULL,NULL,NULL,NULL,NULL,NULL,NULL,NULL,'mcmm@xanum.uam.mx',51,'Distrito Federal','',NULL),(205,'brodriguez205','BfL9*aab','BENJAMíN','RODRíGUEZ','BUENDíA',NULL,'M',NULL,'Mexicana',NULL,NULL,NULL,NULL,NULL,NULL,NULL,NULL,NULL,NULL,NULL,'benfilos.163@icloud.com',51,'Distrito Federal','',NULL),(206,'cvargas206','sPGf&drs','CINTHYA IRERI ','VARGAS','CERVANTES',NULL,'F',NULL,'MEXICANA',NULL,NULL,NULL,NULL,NULL,NULL,NULL,NULL,NULL,NULL,NULL,'cin.irerivargas@gmail.com',51,'MICHOACAN','',NULL),(208,'ecadena208','cDyLm7fx','ESTEBAN','CADENA','LóPEZ',NULL,'M',NULL,'Mexicana',NULL,NULL,NULL,NULL,NULL,NULL,NULL,NULL,NULL,NULL,NULL,'stevenmaster_19@yahoo.com.mx',51,'Distrito Federal','',NULL),(209,'squinto209','6fPPkjjp','SUSANA','QUINTO','SIMóN',NULL,'F',NULL,'Mexicana',NULL,NULL,NULL,NULL,NULL,NULL,NULL,NULL,NULL,NULL,NULL,'susy_quinto@yahoo.com.mx',51,'México','',NULL),(210,'jmorales210','IvZB01W1','JESUS','MORALES','ROMERO',NULL,'M',NULL,'MEXICANA',NULL,NULL,NULL,NULL,NULL,NULL,NULL,NULL,NULL,NULL,NULL,'ing-jesus-morales@hotmail.com',51,'DISTRITO FEDERAL','',NULL),(211,'ldiazberrio211','*qV3gJ7T','LOURDES ADRIANA','DIAZ BERRIO','DORING',NULL,'F',NULL,'Mexicana',NULL,NULL,NULL,NULL,NULL,NULL,NULL,NULL,NULL,NULL,NULL,'adriana@diazberrio.com',49,'quebec','',NULL),(216,'rmartinez216','aO2HL*QH','RUBI ','MARTINEZ ','CORTES',NULL,'F',NULL,'Mexicana ',NULL,NULL,NULL,NULL,NULL,NULL,NULL,NULL,NULL,NULL,NULL,'rojob.profundo@gmail.com',51,'México ','',NULL),(217,'jandres217','Q$CNfvVp','JOSE LUIS ','ANDRES','ORTIZ',NULL,'M',NULL,'MEXICANO',NULL,NULL,NULL,NULL,NULL,NULL,NULL,NULL,NULL,NULL,NULL,'jandres@xanum.uam.mx',51,'ESTADO DE MEXICO','',NULL),(218,'maquiahuatl218','w2taw4Qm','MARIA DE LOS ANGELES','AQUIAHUATL','RAMOS',NULL,'F',NULL,'MEXICANA',NULL,NULL,NULL,NULL,NULL,NULL,NULL,NULL,NULL,NULL,NULL,'hitic.maria@gmail.com',51,'DISTRITO FEDERAL','',NULL),(219,'jtepepa219','WyUTZOKN','JAVIER','TEPEPA','MARTINEZ',NULL,'M',NULL,'Mexicana',NULL,NULL,NULL,NULL,NULL,NULL,NULL,NULL,NULL,NULL,NULL,'javiertmtz@gmail.com',51,'Mexico','',NULL),(220,'agonzalez220','dV3gr715','ALBA MARIA DEL CARMEN','GONZALEZ ','VEGA',NULL,'F',NULL,'MEXICANA ',NULL,NULL,NULL,NULL,NULL,NULL,NULL,NULL,NULL,NULL,NULL,'albagvega117@gmail.com',51,'DISTRITO FEDERAL','',NULL),(223,'jsaavedra223','mMqVysVk','JOSé','SAAVEDRA','HERNáNDEZ',NULL,'M',NULL,'Mexicano',NULL,NULL,NULL,NULL,NULL,NULL,NULL,NULL,NULL,NULL,NULL,'jose_saavedra2001@yahoo.com',51,'Distrito Federal','',NULL),(224,'jgarcia224','Swq1VT3d','JESúS EDUARDO','GARCíA','CASTILLO',NULL,'M',NULL,'Mexicana',NULL,NULL,NULL,NULL,NULL,NULL,NULL,NULL,NULL,NULL,NULL,'jesuseduardogarcia@yahoo.com.mx',51,'Distrito Federal','',NULL),(225,'jcordoba225','q2KV0kX0','JOSE GILBERTO','CORDOBA','HERRERA',NULL,'M',NULL,'MEXICANA',NULL,NULL,NULL,NULL,NULL,NULL,NULL,NULL,NULL,NULL,NULL,'gil@xanum.uam.mx',51,'DF','',NULL),(226,'cferino226','TqnpbSS3','CLAUDIA','FERINO','VALLE',NULL,'F',NULL,'mexicana',NULL,NULL,NULL,NULL,NULL,NULL,NULL,NULL,NULL,NULL,NULL,'clauvalle96@hotmail.com',51,'Distrito Federal','',NULL),(227,'elopez227','SpPB36*N','ELIZABETH','LóPEZ','MARTíNEZ',NULL,'F',NULL,'Mexicana',NULL,NULL,NULL,NULL,NULL,NULL,NULL,NULL,NULL,NULL,NULL,'loma.ely31@gmail.com',51,'','',NULL),(228,'lalavez228','a*nnbLX8','LUDMILA','ALAVEZ','RUIZ',NULL,'F',NULL,'MEXICANA',NULL,NULL,NULL,NULL,NULL,NULL,NULL,NULL,NULL,NULL,NULL,'ludalavez2807@yahoo.com.mx',51,'DISTRITO FEDERAL','',NULL),(229,'mstevens229','FFbjwsCK','MóNICA PATRICIA','STEVENS','RAMíREZ',NULL,'F',NULL,'mexicana',NULL,NULL,NULL,NULL,NULL,NULL,NULL,NULL,NULL,NULL,NULL,'paty_stevens@hotmail.com',51,'Distrito Federal','',NULL),(230,'jquintero230','0S7fqt95','JOSUE MANUEL','QUINTERO','PATIÑO',NULL,'M',NULL,'Mexicano',NULL,NULL,NULL,NULL,NULL,NULL,NULL,NULL,NULL,NULL,NULL,'josquinpat@hotmail.com',51,'Distrito Federal','',NULL);
/*!40000 ALTER TABLE `Usuarios` ENABLE KEYS */;
UNLOCK TABLES;

--
-- Table structure for table `archivos`
--

DROP TABLE IF EXISTS `archivos`;
/*!40101 SET @saved_cs_client     = @@character_set_client */;
/*!40101 SET character_set_client = utf8 */;
CREATE TABLE `archivos` (
  `IdArchivo` int(11) NOT NULL AUTO_INCREMENT,
  `nomArchivo` varchar(100) DEFAULT NULL,
  `url` varchar(100) DEFAULT NULL,
  `IdTipoDocumento` int(11) DEFAULT NULL,
  `IdUsuario` int(11) NOT NULL,
  PRIMARY KEY (`IdArchivo`),
  KEY `fk_archivos_Usuarios1` (`IdUsuario`),
  CONSTRAINT `fk_archivos_Usuarios1` FOREIGN KEY (`IdUsuario`) REFERENCES `Usuarios` (`IdUsuario`) ON DELETE CASCADE ON UPDATE CASCADE
) ENGINE=InnoDB AUTO_INCREMENT=505 DEFAULT CHARSET=utf8;
/*!40101 SET character_set_client = @saved_cs_client */;

--
-- Dumping data for table `archivos`
--

LOCK TABLES `archivos` WRITE;
/*!40000 ALTER TABLE `archivos` DISABLE KEYS */;
INSERT INTO `archivos` VALUES (4,'Carta de motivos Beatriz Montoya C.pdf','/statics/docs/mchalico5/ae6ace_Carta de motivos Beatriz Montoya C.pdf',1,5),(5,'DIploma005.jpg','/statics/docs/mchalico5/4937dc_DIploma005.jpg',1,5),(6,'DIploma001.jpg','/statics/docs/mchalico5/295107_DIploma001.jpg',1,5),(22,'Expression of interest letter.doc','/statics/docs/shernandez7/de88be_Expression of interest letter.doc',1,7),(23,'CCI19032013_00000.jpg','/statics/docs/shernandez7/837541_CCI19032013_00000.jpg',1,7),(24,'CCI13032013_00000.jpg','/statics/docs/shernandez7/42fe06_CCI13032013_00000.jpg',1,7),(25,'Vcastellanos_titulo.pdf','/statics/docs/vcastellanos26/8f486f_Vcastellanos_titulo.pdf',1,26),(26,'Vcastellanos_titulo.pdf','/statics/docs/vcastellanos26/8bf399_Vcastellanos_titulo.pdf',1,26),(27,'Vcastellanos_certificado.pdf','/statics/docs/vcastellanos26/65f706_Vcastellanos_certificado.pdf',1,26),(28,'ccasas_titulo.pdf.pdf','/statics/docs/ccasas38/664b9a_ccasas_titulo.pdf.pdf',1,38),(29,'ccasas_certificado.pdf.pdf','/statics/docs/ccasas38/5fe6bd_ccasas_certificado.pdf.pdf',1,38),(30,'ccasas_acta.pdf.pdf','/statics/docs/ccasas38/52ac34_ccasas_acta.pdf.pdf',1,38),(31,'ccasas_di.pdf.pdf','/statics/docs/ccasas38/369d42_ccasas_di.pdf.pdf',1,38),(32,'ccasas_cv.pdf.pdf','/statics/docs/ccasas38/ce398f_ccasas_cv.pdf.pdf',1,38),(33,'ccasas_identificacion.pdf','/statics/docs/ccasas38/6defb3_ccasas_identificacion.pdf',1,38),(34,'Alopez_calific Licenciatura.jpg','/statics/docs/alopez31/b37ba3_Alopez_calific Licenciatura.jpg',1,31),(35,'Arangel_titulo.pdf','/statics/docs/arangel41/78439e_Arangel_titulo.pdf',1,41),(36,'Arangel_certificado.pdf','/statics/docs/arangel41/6f9077_Arangel_certificado.pdf',1,41),(37,'Aragel_acta.pdf','/statics/docs/arangel41/cf225d_Aragel_acta.pdf',1,41),(38,'Arangel_di.pdf','/statics/docs/arangel41/7fead6_Arangel_di.pdf',1,41),(39,'CV Alejandra Rangel.pdf','/statics/docs/arangel41/b08a93_CV Alejandra Rangel.pdf',1,41),(40,'Arangel_identificación.pdf','/statics/docs/arangel41/7af40e_Arangel_identificación.pdf',1,41),(41,'contrato uam definitivo.pdf','/statics/docs/sgarcia4/9ee38b_contrato uam definitivo.pdf',1,4),(42,'toefl itp 2012.pdf','/statics/docs/sgarcia4/1239c6_toefl itp 2012.pdf',1,4),(43,'lalfaro_titulo.pdf','/statics/docs/lalfaro47/56920a_lalfaro_titulo.pdf',1,47),(44,'lalfaro_certificado.pdf','/statics/docs/lalfaro47/2ffb71_lalfaro_certificado.pdf',1,47),(45,'lalfaro_acta.pdf','/statics/docs/lalfaro47/b5cd9b_lalfaro_acta.pdf',1,47),(46,'lalfaro_di.pdf','/statics/docs/lalfaro47/f8afe5_lalfaro_di.pdf',1,47),(47,'lalfaro_cv.pdf','/statics/docs/lalfaro47/970dfa_lalfaro_cv.pdf',1,47),(48,'lalfaro_identificación.pdf','/statics/docs/lalfaro47/760bc7_lalfaro_identificación.pdf',1,47),(49,'Vcastellanos_cv.pdf','/statics/docs/vcastellanos26/8f486f_Vcastellanos_cv.pdf',1,26),(50,'Vcastellanos_identificacion.pdf','/statics/docs/vcastellanos26/8bf399_Vcastellanos_identificacion.pdf',1,26),(51,'Vcastellanos_di.pdf','/statics/docs/vcastellanos26/8bf399_Vcastellanos_di.pdf',1,26),(52,'Vcastellanos_acta.pdf','/statics/docs/vcastellanos26/8bf399_Vcastellanos_acta.pdf',1,26),(53,'Vcastellanos_titulo.pdf','/statics/docs/vcastellanos26/8bf309_Vcastellanos_titulo.pdf',1,26),(54,'fernando_licona.titulo.pdf','/statics/docs/flicona53/cdb0a2_fernando_licona.titulo.pdf',1,53),(55,'fernandolicona.Acreditacion.pdf','/statics/docs/flicona53/fd4584_fernandolicona.Acreditacion.pdf',1,53),(56,'fernandolicona_act nac.pdf','/statics/docs/flicona53/a88f53_fernandolicona_act nac.pdf',1,53),(57,'fernando_licona.pdf.pdf','/statics/docs/flicona53/c9dd0c_fernando_licona.pdf.pdf',1,53),(58,'fernandolicona_curriculum.pdf','/statics/docs/flicona53/cb7324_fernandolicona_curriculum.pdf',1,53),(59,'fernandolicona_ife.pdf','/statics/docs/flicona53/05fae6_fernandolicona_ife.pdf',1,53),(60,'Dortiz_titulo.pdf','/statics/docs/dortiz54/fb6abf_Dortiz_titulo.pdf',1,54),(61,'Dortiz_certificado.pdf','/statics/docs/dortiz54/80b08c_Dortiz_certificado.pdf',1,54),(62,'Dortiz_acta.pdf','/statics/docs/dortiz54/2d8aa7_Dortiz_acta.pdf',1,54),(63,'Dortiz_di.pdf','/statics/docs/dortiz54/a03b8f_Dortiz_di.pdf',1,54),(64,'Dortiz_cv.pdf','/statics/docs/dortiz54/2369a4_Dortiz_cv.pdf',1,54),(65,'Dortiz_identificacion.pdf','/statics/docs/dortiz54/7cef06_Dortiz_identificacion.pdf',1,54),(66,'lcarrasco_titulo.pdf','/statics/docs/lcarrasco55/41957f_lcarrasco_titulo.pdf',1,55),(67,'lcarrasco_certificado.pdf','/statics/docs/lcarrasco55/2fdb5c_lcarrasco_certificado.pdf',1,55),(68,'lcarrasco_acta.pdf','/statics/docs/lcarrasco55/67b0d6_lcarrasco_acta.pdf',1,55),(69,'lcarrasco_di.pdf','/statics/docs/lcarrasco55/8ab3c8_lcarrasco_di.pdf',1,55),(70,'CURRICULUM VITAE.pdf','/statics/docs/lcarrasco55/989067_CURRICULUM VITAE.pdf',1,55),(71,'lcarrasco_identificacion.pdf','/statics/docs/lcarrasco55/be0257_lcarrasco_identificacion.pdf',1,55),(72,'ldelolmo_Título.pdf','/statics/docs/ldelolmo58/ff9e48_ldelolmo_Título.pdf',1,58),(73,'ldelolmo_Certificado Estudios.pdf','/statics/docs/ldelolmo58/6e337c_ldelolmo_Certificado Estudios.pdf',1,58),(74,'ldelolmo_CURP.pdf','/statics/docs/ldelolmo58/a603f0_ldelolmo_CURP.pdf',1,58),(75,'ldelolmo_Curriculum vita.pdf','/statics/docs/ldelolmo58/ee6e44_ldelolmo_Curriculum vita.pdf',1,58),(76,'ldelolmo_Identificación.pdf','/statics/docs/ldelolmo58/475891_ldelolmo_Identificación.pdf',1,58),(77,'cluciano_constancia.pdf.pdf','/statics/docs/cluciano57/92379d_cluciano_constancia.pdf.pdf',1,57),(78,'cluciano_cv.pdf.pdf','/statics/docs/cluciano57/acdb6d_cluciano_cv.pdf.pdf',1,57),(79,'cluciano_identificacion.pdf.pdf','/statics/docs/cluciano57/68badb_cluciano_identificacion.pdf.pdf',1,57),(80,'AGLEZ-TITULO.pdf','/statics/docs/agonzalez62/f9b44f_AGLEZ-TITULO.pdf',1,62),(81,'AGLEZ-CERT-ESTUDIOS.pdf','/statics/docs/agonzalez62/c9b9b4_AGLEZ-CERT-ESTUDIOS.pdf',1,62),(82,'AGLEZ-ACTANACIMIENTO.pdf','/statics/docs/agonzalez62/17f4fa_AGLEZ-ACTANACIMIENTO.pdf',1,62),(83,'AGLEZ-CURP.pdf','/statics/docs/agonzalez62/a84a66_AGLEZ-CURP.pdf',1,62),(84,'ALICIAGONZALEZ CURRICULUM VITAE.doc','/statics/docs/agonzalez62/aa4c6a_ALICIAGONZALEZ CURRICULUM VITAE.doc',1,62),(85,'AGLEZ-IFE.pdf','/statics/docs/agonzalez62/96771f_AGLEZ-IFE.pdf',1,62),(86,'Test Fun Way 1 0f.doc','/statics/docs/rmontalvo49/a8f749_Test Fun Way 1 0f.doc',1,49),(87,'constancia.jpg','/statics/docs/rmontalvo49/450ffa_constancia.jpg',1,49),(88,'TOEFL.jpg','/statics/docs/rmontalvo49/6cc8d0_TOEFL.jpg',1,49),(89,'tpena_titulo.pdf','/statics/docs/tpena64/f379bb_tpena_titulo.pdf',1,64),(90,'tpena_certificado.pdf','/statics/docs/tpena64/6d9041_tpena_certificado.pdf',1,64),(91,'tpena_acta.pdf','/statics/docs/tpena64/2f8277_tpena_acta.pdf',1,64),(92,'tpena_di.pdf','/statics/docs/tpena64/64c2f4_tpena_di.pdf',1,64),(93,'tpena_curriculum.pdf','/statics/docs/tpena64/fed110_tpena_curriculum.pdf',1,64),(94,'tpena_identificacion.pdf','/statics/docs/tpena64/509a90_tpena_identificacion.pdf',1,64),(95,'Rderas_titulo.pdf','/statics/docs/rderas69/00a601_Rderas_titulo.pdf',1,69),(96,'Rderas_certificado.pdf','/statics/docs/rderas69/7b2773_Rderas_certificado.pdf',1,69),(97,'Rderas_acta.pdf','/statics/docs/rderas69/f3b110_Rderas_acta.pdf',1,69),(98,'Rderas_CURP.pdf','/statics/docs/rderas69/8c9918_Rderas_CURP.pdf',1,69),(99,'Rderas_cv.pdf','/statics/docs/rderas69/3eaaf1_Rderas_cv.pdf',1,69),(100,'Rderas_identificaciòn.pdf','/statics/docs/rderas69/4a723a_Rderas_identificaciòn.pdf',1,69),(101,'vnajera_titulo.pdf','/statics/docs/vnajera68/bc5c2f_vnajera_titulo.pdf',1,68),(102,'vnajera_certificado.pdf','/statics/docs/vnajera68/8cfc7c_vnajera_certificado.pdf',1,68),(103,'vnajera_acta.pdf','/statics/docs/vnajera68/2391ce_vnajera_acta.pdf',1,68),(104,'vnajera_di.pdf','/statics/docs/vnajera68/efc1d7_vnajera_di.pdf',1,68),(105,'vnajera_cv.pdf','/statics/docs/vnajera68/76c9c1_vnajera_cv.pdf',1,68),(106,'vnajera_identificacion.pdf','/statics/docs/vnajera68/279fd6_vnajera_identificacion.pdf',1,68),(107,'CONSTANCIA.pdf','/statics/docs/mlopez39/e32d28_CONSTANCIA.pdf',1,39),(108,'DEPOSITO A CHEQUES.pdf','/statics/docs/mlopez39/f981fd_DEPOSITO A CHEQUES.pdf',1,39),(109,'CONSTANCIA.pdf','/statics/docs/mlopez39/40ac15_CONSTANCIA.pdf',1,39),(110,'Jlopez_titulo.pdf','/statics/docs/jlopez86/5c4dcb_Jlopez_titulo.pdf',1,86),(111,'Jlopez_acta.pdf','/statics/docs/jlopez86/51b847_Jlopez_acta.pdf',1,86),(112,'Jlopez_certificado.pdf','/statics/docs/jlopez86/689c7b_Jlopez_certificado.pdf',1,86),(119,'mrueda_constancia.jpg','/statics/docs/mrueda88/f8cefe_mrueda_constancia.jpg',1,88),(120,'mrueda_cv.pdf','/statics/docs/mrueda88/16145a_mrueda_cv.pdf',1,88),(121,'mrueda_identificacion.pdf','/statics/docs/mrueda88/78d8ba_mrueda_identificacion.pdf',1,88),(122,'anunez_titulo.pdf','/statics/docs/anunez56/5d2b54_anunez_titulo.pdf',1,56),(123,'anunez_certificado.pdf','/statics/docs/anunez56/0a3a55_anunez_certificado.pdf',1,56),(124,'anunez_acta.pdf','/statics/docs/anunez56/44ef8e_anunez_acta.pdf',1,56),(125,'anunez_di.pdf','/statics/docs/anunez56/c9a372_anunez_di.pdf',1,56),(126,'Currículum Vitae.pdf','/statics/docs/anunez56/13b7b2_Currículum Vitae.pdf',1,56),(127,'anunez_identificacion.pdf','/statics/docs/anunez56/31a754_anunez_identificacion.pdf',1,56),(128,'jvarela_titulo.pdf.pdf','/statics/docs/jvarela71/40d077_jvarela_titulo.pdf.pdf',1,71),(129,'jvarela_certificadoanverso.pdf.pdf','/statics/docs/jvarela71/b414ef_jvarela_certificadoanverso.pdf.pdf',1,71),(130,'jvarela_acta.pdf.pdf','/statics/docs/jvarela71/5539e4_jvarela_acta.pdf.pdf',1,71),(131,'jvarela_id.pdf.pdf','/statics/docs/jvarela71/53b8a8_jvarela_id.pdf.pdf',1,71),(132,'jvarela_curriculum.pdf.pdf','/statics/docs/jvarela71/9d0872_jvarela_curriculum.pdf.pdf',1,71),(133,'jvarela_id.pdf.pdf','/statics/docs/jvarela71/e18df6_jvarela_id.pdf.pdf',1,71),(134,'mrodriguez_constancia.pdf','/statics/docs/mrodriguez91/a5e556_mrodriguez_constancia.pdf',1,91),(135,'mrodriguez_cv.pdf','/statics/docs/mrodriguez91/24a68a_mrodriguez_cv.pdf',1,91),(136,'mrodriguez_identificacion.pdf','/statics/docs/mrodriguez91/8b2b5f_mrodriguez_identificacion.pdf',1,91),(155,'MNarvaez-título.pdf','/statics/docs/mnarvaez93/550308_MNarvaez-título.pdf',1,93),(156,'MNarvaez-certificado.pdf','/statics/docs/mnarvaez93/c64ef4_MNarvaez-certificado.pdf',1,93),(157,'MNarvaez-certificado.pdf','/statics/docs/mnarvaez93/671a8e_MNarvaez-certificado.pdf',1,93),(158,'MNarvaez_curp.pdf','/statics/docs/mnarvaez93/2ac360_MNarvaez_curp.pdf',1,93),(159,'Mnarvaez_cv.pdf','/statics/docs/mnarvaez93/f227b3_Mnarvaez_cv.pdf',1,93),(160,'Mnarvaez-identificacion.pdf','/statics/docs/mnarvaez93/96992b_Mnarvaez-identificacion.pdf',1,93),(161,'MNarvaez-título.pdf','/statics/docs/mnarvaez93/274e45_MNarvaez-título.pdf',1,93),(162,'MNarvaez-certificado.pdf','/statics/docs/mnarvaez93/ee07dd_MNarvaez-certificado.pdf',1,93),(163,'Mnarvaez_acta.pdf','/statics/docs/mnarvaez93/a66181_Mnarvaez_acta.pdf',1,93),(164,'MNarvaez_curp.pdf','/statics/docs/mnarvaez93/414989_MNarvaez_curp.pdf',1,93),(165,'Mnarvaez_cv.pdf','/statics/docs/mnarvaez93/0ee381_Mnarvaez_cv.pdf',1,93),(166,'Mnarvaez-identificacion.pdf','/statics/docs/mnarvaez93/2cd9ea_Mnarvaez-identificacion.pdf',1,93),(167,'jflores_titulo.pdf','/statics/docs/jflores65/7f40ba_jflores_titulo.pdf',1,65),(168,'jflores_certificado.pdf','/statics/docs/jflores65/ec340f_jflores_certificado.pdf',1,65),(169,'jflores_acta.pdf','/statics/docs/jflores65/e96077_jflores_acta.pdf',1,65),(170,'jflores_di.pdf','/statics/docs/jflores65/ecf71f_jflores_di.pdf',1,65),(171,'jflores_CV.pdf','/statics/docs/jflores65/d5ef20_jflores_CV.pdf',1,65),(172,'jflores_identificacion.pdf','/statics/docs/jflores65/8854af_jflores_identificacion.pdf',1,65),(173,'jflores_constancia.pdf','/statics/docs/jflores65/ecf71g_jflores_constancia.pdf',1,65),(174,'Jlopez_cv.pdf','/statics/docs/jlopez86/Jlopez_cv.pdf',1,86),(175,'Jlopez_di.pdf','/statics/docs/jlopez86/Jlopez_di.pdf',1,86),(176,'Jlopez_identificacion.pdf','/statics/docs/jlopez86/Jlopez_identificacion.pdf',1,86),(177,'Moviedo_título.pdf','/statics/docs/moviedo85/2a41c1_Moviedo_título.pdf',1,85),(178,'Moviedo_certificado.pdf','/statics/docs/moviedo85/bf7cce_Moviedo_certificado.pdf',1,85),(179,'Moviedo_acta.pdf','/statics/docs/moviedo85/2e1eb1_Moviedo_acta.pdf',1,85),(180,'Moviedo_di.pdf','/statics/docs/moviedo85/f312a7_Moviedo_di.pdf',1,85),(181,'Moviedo_cv.pdf','/statics/docs/moviedo85/4a3b23_Moviedo_cv.pdf',1,85),(182,'Moviedo_identificación.pdf','/statics/docs/moviedo85/061d50_Moviedo_identificación.pdf',1,85),(183,'mvalero_titulo.pdf','/statics/docs/mvalero77/58d7d6_mvalero_titulo.pdf',1,77),(184,'mvalero_certificado.pdf','/statics/docs/mvalero77/b62d5e_mvalero_certificado.pdf',1,77),(185,'mvalero_acta.pdf','/statics/docs/mvalero77/0711a5_mvalero_acta.pdf',1,77),(186,'mvalero_di.pdf','/statics/docs/mvalero77/359198_mvalero_di.pdf',1,77),(187,'mvalero_cv.pdf','/statics/docs/mvalero77/daacfe_mvalero_cv.pdf',1,77),(188,'mvalero_identificacion.pdf','/statics/docs/mvalero77/9e25e3_mvalero_identificacion.pdf',1,77),(189,'emendoza_titulo.pdf.pdf','/statics/docs/emendoza76/64b623_emendoza_titulo.pdf.pdf',1,76),(190,'emendoza_certificado.pdf.pdf','/statics/docs/emendoza76/95475d_emendoza_certificado.pdf.pdf',1,76),(191,'emendoza_acta.pdf.pdf','/statics/docs/emendoza76/7ac42f_emendoza_acta.pdf.pdf',1,76),(192,'emendoza_di.pdf.pdf','/statics/docs/emendoza76/410067_emendoza_di.pdf.pdf',1,76),(193,'emendoza_cv.pdf','/statics/docs/emendoza76/11bc7f_emendoza_cv.pdf',1,76),(194,'emendoza_identificacion.pdf.pdf','/statics/docs/emendoza76/f369b8_emendoza_identificacion.pdf.pdf',1,76),(195,'Constancia_de_curso.pdf','/statics/docs/rentzana96/afeb40_Constancia_de_curso.pdf',1,96),(196,'Constancia_de_curso.pdf','/statics/docs/rentzana96/7f643c_Constancia_de_curso.pdf',1,96),(197,'Constancia_de_curso.pdf','/statics/docs/rentzana96/4691ed_Constancia_de_curso.pdf',1,96),(198,'Constancia_de_curso.pdf','/statics/docs/rentzana96/2b24fb_Constancia_de_curso.pdf',1,96),(199,'Constancia_de_curso.pdf','/statics/docs/rentzana96/bc52be_Constancia_de_curso.pdf',1,96),(200,'Constancia_de_curso.pdf','/statics/docs/rentzana96/3f8c22_Constancia_de_curso.pdf',1,96),(201,'090a92_Mdelrasso_titulo.pdf','/statics/docs/mdelrasso92/444b83_090a92_Mdelrasso_titulo.pdf',1,92),(202,'bfbfd3_Mdelrasso_certificado.pdf','/statics/docs/mdelrasso92/d7191a_bfbfd3_Mdelrasso_certificado.pdf',1,92),(203,'db8eb5_Mdelrasso_acta.pdf','/statics/docs/mdelrasso92/4dd313_db8eb5_Mdelrasso_acta.pdf',1,92),(204,'99be54_Mdelrasso_di.pdf','/statics/docs/mdelrasso92/debe03_99be54_Mdelrasso_di.pdf',1,92),(205,'Mdelrasso_cv.pdf','/statics/docs/mdelrasso92/405206_Mdelrasso_cv.pdf',1,92),(206,'Mdelrasso_identificación.pdf','/statics/docs/mdelrasso92/402642_Mdelrasso_identificación.pdf',1,92),(207,'Mceja_titulo.pdf.pdf','/statics/docs/mceja95/832ebf_Mceja_titulo.pdf.pdf',1,95),(208,'Mceja_certificado.pdf','/statics/docs/mceja95/46e109_Mceja_certificado.pdf',1,95),(209,'Mceja_acta.pdf.pdf','/statics/docs/mceja95/b83f77_Mceja_acta.pdf.pdf',1,95),(210,'Mceja_di.pdf.pdf','/statics/docs/mceja95/772eac_Mceja_di.pdf.pdf',1,95),(211,'Mceja_cv.pdf.pdf','/statics/docs/mceja95/1b0603_Mceja_cv.pdf.pdf',1,95),(212,'Mceja_identificacion.pdf.pdf','/statics/docs/mceja95/3d7ed7_Mceja_identificacion.pdf.pdf',1,95),(213,'jramirez_titulo.pdf','/statics/docs/jramirez89/35c40f_jramirez_titulo.pdf',1,89),(214,'jramirez_certificado.pdf','/statics/docs/jramirez89/5c18ae_jramirez_certificado.pdf',1,89),(215,'jramirez_acta.pdf','/statics/docs/jramirez89/efb975_jramirez_acta.pdf',1,89),(216,'jramirez_di.pdf','/statics/docs/jramirez89/bc65f4_jramirez_di.pdf',1,89),(217,'jramirez_curriculum.pdf','/statics/docs/jramirez89/afe145_jramirez_curriculum.pdf',1,89),(218,'jramirez_identificación.pdf','/statics/docs/jramirez89/aebe16_jramirez_identificación.pdf',1,89),(219,'Pespinosa_Título.pdf','/statics/docs/pespinosa97/c4ac08_Pespinosa_Título.pdf',1,97),(220,'Pespinosa_Título.pdf','/statics/docs/pespinosa97/d59a12_Pespinosa_Título.pdf',1,97),(221,'Pespinosa_Certificado.pdf','/statics/docs/pespinosa97/c48343_Pespinosa_Certificado.pdf',1,97),(222,'Pespinosa_acta.pdf','/statics/docs/pespinosa97/9fdc97_Pespinosa_acta.pdf',1,97),(223,'Pespinosa_di.pdf','/statics/docs/pespinosa97/0e3e31_Pespinosa_di.pdf',1,97),(224,'Pespinosa_ C.V.pdf','/statics/docs/pespinosa97/cd8847_Pespinosa_ C.V.pdf',1,97),(225,'Pespinosa_identificación.pdf','/statics/docs/pespinosa97/6c2a20_Pespinosa_identificación.pdf',1,97),(226,'JPrieto_titulo.pdf.pdf','/statics/docs/jprieto94/000873_JPrieto_titulo.pdf.pdf',1,94),(227,'JPrieto_certificado.pdf.pdf','/statics/docs/jprieto94/05f772_JPrieto_certificado.pdf.pdf',1,94),(228,'JPrieto_acta.pdf.pdf','/statics/docs/jprieto94/8953db_JPrieto_acta.pdf.pdf',1,94),(229,'JPrieto_di.pdf.pdf','/statics/docs/jprieto94/c94ff0_JPrieto_di.pdf.pdf',1,94),(230,'JPrieto_cv.pdf.pdf','/statics/docs/jprieto94/9f970d_JPrieto_cv.pdf.pdf',1,94),(231,'JPrieto_identificaion.pdf.pdf','/statics/docs/jprieto94/6d83b3_JPrieto_identificaion.pdf.pdf',1,94),(232,'part constancia.pdf','/statics/docs/klopez103/ff2dff_part constancia.pdf',1,103),(233,'curriculu.m kizz_kizz.pdf','/statics/docs/klopez103/28c04d_curriculu.m kizz_kizz.pdf',1,103),(234,'credencial de elector.pdf','/statics/docs/klopez103/0411d8_credencial de elector.pdf',1,103),(235,'nvieyra_constancia.pdf.pdf','/statics/docs/nvieyra104/98c1ec_nvieyra_constancia.pdf.pdf',1,104),(236,'nvieyra_cv.pdf.pdf','/statics/docs/nvieyra104/6f3b25_nvieyra_cv.pdf.pdf',1,104),(237,'nvieyra_identificacion.pdf.pdf','/statics/docs/nvieyra104/8d056c_nvieyra_identificacion.pdf.pdf',1,104),(238,'Msilveira_titulo.pdf','/statics/docs/msilveira102/c2e0b0_Msilveira_titulo.pdf',1,102),(239,'Msilveira_titulo.pdf','/statics/docs/msilveira102/b361a6_Msilveira_titulo.pdf',1,102),(240,'Msilveira_titulo.pdf','/statics/docs/msilveira102/77f3eb_Msilveira_titulo.pdf',1,102),(241,'Msilveira_acta.pdf','/statics/docs/msilveira102/e25a39_Msilveira_acta.pdf',1,102),(242,'Msilveira_di.pdf','/statics/docs/msilveira102/362448_Msilveira_di.pdf',1,102),(243,'Msilveira_identificacion.pdf','/statics/docs/msilveira102/01d4ed_Msilveira_identificacion.pdf',1,102),(244,'Msilveira_titulo.pdf','/statics/docs/msilveira102/fe5d1c_Msilveira_titulo.pdf',1,102),(245,'Msilveira_historial.pdf','/statics/docs/msilveira102/2358a5_Msilveira_historial.pdf',1,102),(246,'Msilveira_acta.pdf','/statics/docs/msilveira102/d5432d_Msilveira_acta.pdf',1,102),(247,'Msilveira_di.pdf','/statics/docs/msilveira102/b6765a_Msilveira_di.pdf',1,102),(248,'CV.doc','/statics/docs/msilveira102/005c92_CV.doc',1,102),(249,'Msilveira_identificacion.pdf','/statics/docs/msilveira102/e8d92f_Msilveira_identificacion.pdf',1,102),(250,'Msilveira_titulo.pdf','/statics/docs/msilveira102/f68767_Msilveira_titulo.pdf',1,102),(251,'Msilveira_acta.pdf','/statics/docs/msilveira102/727806_Msilveira_acta.pdf',1,102),(252,'Msilveira_di.pdf','/statics/docs/msilveira102/11c589_Msilveira_di.pdf',1,102),(253,'UValle.pdf','/statics/docs/msilveira102/e173af_UValle.pdf',1,102),(254,'Msilveira_identificacion.pdf','/statics/docs/msilveira102/7f5453_Msilveira_identificacion.pdf',1,102),(255,'Msilveira_titulo.pdf','/statics/docs/msilveira102/ad788a_Msilveira_titulo.pdf',1,102),(256,'Msilveira_acta.pdf','/statics/docs/msilveira102/df6012_Msilveira_acta.pdf',1,102),(257,'Msilveira_di.pdf','/statics/docs/msilveira102/0685a6_Msilveira_di.pdf',1,102),(258,'CV.doc','/statics/docs/msilveira102/85f99c_CV.doc',1,102),(259,'Msilveira_identificacion.pdf','/statics/docs/msilveira102/794093_Msilveira_identificacion.pdf',1,102),(260,'Msilveira_titulo.pdf','/statics/docs/msilveira102/4bcb3d_Msilveira_titulo.pdf',1,102),(261,'Msilveira_acta.pdf','/statics/docs/msilveira102/7781f6_Msilveira_acta.pdf',1,102),(262,'Msilveira_di.pdf','/statics/docs/msilveira102/7a3deb_Msilveira_di.pdf',1,102),(263,'PCulturales.pdf','/statics/docs/msilveira102/c5b7fb_PCulturales.pdf',1,102),(264,'Msilveira_identificacion.pdf','/statics/docs/msilveira102/58672f_Msilveira_identificacion.pdf',1,102),(265,'Msilveira_titulo.pdf','/statics/docs/msilveira102/ce54ba_Msilveira_titulo.pdf',1,102),(266,'Msilveira_acta.pdf','/statics/docs/msilveira102/24a104_Msilveira_acta.pdf',1,102),(267,'Msilveira_di.pdf','/statics/docs/msilveira102/e8b933_Msilveira_di.pdf',1,102),(268,'Dip_especialidad.pdf','/statics/docs/msilveira102/4ae9f3_Dip_especialidad.pdf',1,102),(269,'Msilveira_identificacion.pdf','/statics/docs/msilveira102/f38831_Msilveira_identificacion.pdf',1,102),(270,'Msilveira_titulo.pdf','/statics/docs/msilveira102/77c1b3_Msilveira_titulo.pdf',1,102),(271,'Msilveira_acta.pdf','/statics/docs/msilveira102/96e4bd_Msilveira_acta.pdf',1,102),(272,'Msilveira_di.pdf','/statics/docs/msilveira102/4a3867_Msilveira_di.pdf',1,102),(273,'St. johns.pdf','/statics/docs/msilveira102/81f075_St. johns.pdf',1,102),(274,'Msilveira_identificacion.pdf','/statics/docs/msilveira102/18ec2a_Msilveira_identificacion.pdf',1,102),(275,'Msilveira_titulo.pdf','/statics/docs/msilveira102/9fee1d_Msilveira_titulo.pdf',1,102),(276,'Msilveira_acta.pdf','/statics/docs/msilveira102/321830_Msilveira_acta.pdf',1,102),(277,'Msilveira_di.pdf','/statics/docs/msilveira102/713dd7_Msilveira_di.pdf',1,102),(278,'Antología.pdf','/statics/docs/msilveira102/0eb3d7_Antología.pdf',1,102),(279,'Msilveira_identificacion.pdf','/statics/docs/msilveira102/38d632_Msilveira_identificacion.pdf',1,102),(286,'VSILVA_Titulo.pdf','/statics/docs/vsilva105/379719_VSILVA_Titulo.pdf',1,105),(287,'VSILVA_Certificado.pdf','/statics/docs/vsilva105/9b63dd_VSILVA_Certificado.pdf',1,105),(288,'VSILVA_Acta.pdf','/statics/docs/vsilva105/12579a_VSILVA_Acta.pdf',1,105),(289,'VSILVA_di.pdf','/statics/docs/vsilva105/208a77_VSILVA_di.pdf',1,105),(290,'VSILVA_cv.pdf','/statics/docs/vsilva105/4fa50b_VSILVA_cv.pdf',1,105),(291,'VSILVA_Identificación.pdf','/statics/docs/vsilva105/f9d355_VSILVA_Identificación.pdf',1,105),(292,'aesparza_titulo.pdf','/statics/docs/aesparza100/8ff087_aesparza_titulo.pdf',1,100),(293,'aesparza_certificado.pdf','/statics/docs/aesparza100/863a03_aesparza_certificado.pdf',1,100),(294,'aesparza_acta.pdf','/statics/docs/aesparza100/f4c763_aesparza_acta.pdf',1,100),(295,'aesparza_di.pdf','/statics/docs/aesparza100/dd3006_aesparza_di.pdf',1,100),(296,'aesparza_cv.pdf','/statics/docs/aesparza100/3139cd_aesparza_cv.pdf',1,100),(297,'aesparza_identificacion.pdf','/statics/docs/aesparza100/d14f69_aesparza_identificacion.pdf',1,100),(298,'jzazueta_título.pdf','/statics/docs/jzazueta90/5144c8_jzazueta_título.pdf',1,90),(299,'jzazueta_certificado.pdf','/statics/docs/jzazueta90/a1637b_jzazueta_certificado.pdf',1,90),(300,'jzazueta_acta.pdf','/statics/docs/jzazueta90/8178fc_jzazueta_acta.pdf',1,90),(301,'jzazueta_di.pdf','/statics/docs/jzazueta90/7f182a_jzazueta_di.pdf',1,90),(302,'jzazueta_cv.pdf','/statics/docs/jzazueta90/f5f3ac_jzazueta_cv.pdf',1,90),(303,'jzazueta_identificación.pdf','/statics/docs/jzazueta90/7af5ce_jzazueta_identificación.pdf',1,90),(304,'Aperez_titulo.pdf','/statics/docs/aperez75/a119f6_Aperez_titulo.pdf',1,75),(305,'Aperez_certificado.pdf','/statics/docs/aperez75/7998d3_Aperez_certificado.pdf',1,75),(306,'Aperez_acta.pdf','/statics/docs/aperez75/501f1e_Aperez_acta.pdf',1,75),(307,'Aperez_di.pdf','/statics/docs/aperez75/6531ff_Aperez_di.pdf',1,75),(308,'Aperez_CV.pdf','/statics/docs/aperez75/bb4898_Aperez_CV.pdf',1,75),(309,'Aperez_identificacion.pdf','/statics/docs/aperez75/cfbd9b_Aperez_identificacion.pdf',1,75),(310,'JM_Gutierrez_titulo.pdf','/statics/docs/jgutierrez74/be705e_JM_Gutierrez_titulo.pdf',1,74),(311,'JMGutierrez_Certificado..pdf','/statics/docs/jgutierrez74/e56730_JMGutierrez_Certificado..pdf',1,74),(312,'JM_Gutierrez_Acta.PDF','/statics/docs/jgutierrez74/581ca8_JM_Gutierrez_Acta.PDF',1,74),(313,'JMGutierrez_DI.pdf','/statics/docs/jgutierrez74/113885_JMGutierrez_DI.pdf',1,74),(314,'JMGutierrez_CV.doc','/statics/docs/jgutierrez74/9c3aad_JMGutierrez_CV.doc',1,74),(315,'JMGutierrez_identificacion.pdf','/statics/docs/jgutierrez74/caf9b5_JMGutierrez_identificacion.pdf',1,74),(316,'Constancia_de_curso.pdf','/statics/docs/rentzana96/docsCertificados/8f00bc_Constancia_de_curso.pdf',2,96),(317,'Constancia_de_curso.pdf','/statics/docs/rentzana96/docsCertificados/a69d33_Constancia_de_curso.pdf',2,96),(318,'Constancia_de_curso.pdf','/statics/docs/rentzana96/docsCertificados/e05dba_Constancia_de_curso.pdf',2,96),(319,'aavila_titulo.pdf.pdf','/statics/docs/aavila119/1cf2a7_aavila_titulo.pdf.pdf',1,119),(320,'aavila_certificado.pdf.pdf','/statics/docs/aavila119/c3f9b4_aavila_certificado.pdf.pdf',1,119),(321,'aavila_acta.pdf.pdf','/statics/docs/aavila119/8868a9_aavila_acta.pdf.pdf',1,119),(322,'aavila_curp.pdf.pdf','/statics/docs/aavila119/2b071a_aavila_curp.pdf.pdf',1,119),(323,'aavila_titulo.pdf.pdf','/statics/docs/aavila119/b8a956_aavila_titulo.pdf.pdf',1,119),(324,'aavila_certificado.pdf.pdf','/statics/docs/aavila119/690e4d_aavila_certificado.pdf.pdf',1,119),(325,'aavila_acta.pdf.pdf','/statics/docs/aavila119/1495e7_aavila_acta.pdf.pdf',1,119),(326,'aavila_curp.pdf.pdf','/statics/docs/aavila119/6942b6_aavila_curp.pdf.pdf',1,119),(327,'aavila_cv.pdf.pdf','/statics/docs/aavila119/f2d3fc_aavila_cv.pdf.pdf',1,119),(328,'aavila_identificacion.pdf.pdf','/statics/docs/aavila119/9239df_aavila_identificacion.pdf.pdf',1,119),(329,'EPineda_titulo.pdf','/statics/docs/epineda34/61f412_EPineda_titulo.pdf',1,34),(330,'EPineda_certificado.pdf','/statics/docs/epineda34/884542_EPineda_certificado.pdf',1,34),(331,'EPineda_acta.pdf','/statics/docs/epineda34/d12087_EPineda_acta.pdf',1,34),(332,'EPineda_di.pdf','/statics/docs/epineda34/d43983_EPineda_di.pdf',1,34),(333,'EPineda_CV.pdf','/statics/docs/epineda34/0b6f1e_EPineda_CV.pdf',1,34),(334,'EPineda_identificacion.pdf','/statics/docs/epineda34/c827c5_EPineda_identificacion.pdf',1,34),(335,'titulo.jpg','/statics/docs/mavila117/6796fb_titulo.jpg',1,117),(336,'Mavila_certificado.pdf','/statics/docs/mavila117/841e3c_Mavila_certificado.pdf',1,117),(337,'Mavila_acta.pdf','/statics/docs/mavila117/91e126_Mavila_acta.pdf',1,117),(338,'Mavila_curp.jpg','/statics/docs/mavila117/48a84e_Mavila_curp.jpg',1,117),(339,'Mavila2_ife.pdf','/statics/docs/mavila117/459750_Mavila2_ife.pdf',1,117),(340,'brodriguez_titulo.pdf','/statics/docs/brodriguez120/f155c1_brodriguez_titulo.pdf',1,120),(341,'brodriguez_certificado.pdf','/statics/docs/brodriguez120/8b4ccb_brodriguez_certificado.pdf',1,120),(342,'brodriguez_acta.pdf','/statics/docs/brodriguez120/905920_brodriguez_acta.pdf',1,120),(343,'brodriguez_di.pdf','/statics/docs/brodriguez120/375a1c_brodriguez_di.pdf',1,120),(344,'brodriguez_cv.pdf','/statics/docs/brodriguez120/0c01f0_brodriguez_cv.pdf',1,120),(345,'brodriguez_identificacion.pdf','/statics/docs/brodriguez120/14e4d8_brodriguez_identificacion.pdf',1,120),(346,'lsosa_titulo.pdf','/statics/docs/lsosa121/637abf_lsosa_titulo.pdf',1,121),(347,'lsosa_certificado.pdf','/statics/docs/lsosa121/797d14_lsosa_certificado.pdf',1,121),(348,'lsosa_acta.pdf','/statics/docs/lsosa121/4fbb38_lsosa_acta.pdf',1,121),(349,'lsosa_curp.pdf','/statics/docs/lsosa121/cbe41f_lsosa_curp.pdf',1,121),(350,'lsosa_cv.pdf','/statics/docs/lsosa121/24e758_lsosa_cv.pdf',1,121),(351,'lsosa_identificacion.pdf','/statics/docs/lsosa121/407159_lsosa_identificacion.pdf',1,121),(352,'RBernardoSantos_TITULO UNIVERSITARIO.pdf','/statics/docs/rbernardo122/06edc7_RBernardoSantos_TITULO UNIVERSITARIO.pdf',1,122),(353,'RBernardo Santos_CERTIFICADO DE ESTUDIOS UNIVERSITARIOS.pdf','/statics/docs/rbernardo122/cab828_RBernardo Santos_CERTIFICADO DE ESTUDIOS UNIVERSITARIOS.pdf',1,122),(354,'RBernardoSantos_Acta de Nacimiento.pdf','/statics/docs/rbernardo122/63e9c0_RBernardoSantos_Acta de Nacimiento.pdf',1,122),(355,'RBernardoSantos_CURP.pdf','/statics/docs/rbernardo122/701144_RBernardoSantos_CURP.pdf',1,122),(356,'ROSELIA BERNARDO SANTOS_CV.pdf','/statics/docs/rbernardo122/a4ec86_ROSELIA BERNARDO SANTOS_CV.pdf',1,122),(357,'RBernardoSantos_PASAPORTE.pdf','/statics/docs/rbernardo122/d5959f_RBernardoSantos_PASAPORTE.pdf',1,122),(358,'RBernardoSantos_TITULO UNIVERSITARIO.pdf','/statics/docs/rbernardo122/6c67e1_RBernardoSantos_TITULO UNIVERSITARIO.pdf',1,122),(359,'RBernardo Santos_CERTIFICADO DE ESTUDIOS UNIVERSITARIOS.pdf','/statics/docs/rbernardo122/7df9cb_RBernardo Santos_CERTIFICADO DE ESTUDIOS UNIVERSITARIOS.pdf',1,122),(360,'RBernardoSantos_Acta de Nacimiento.pdf','/statics/docs/rbernardo122/21a411_RBernardoSantos_Acta de Nacimiento.pdf',1,122),(361,'RBernardoSantos_CURP.pdf','/statics/docs/rbernardo122/6b382a_RBernardoSantos_CURP.pdf',1,122),(362,'ROSELIA BERNARDO SANTOS_CV.pdf','/statics/docs/rbernardo122/c7657b_ROSELIA BERNARDO SANTOS_CV.pdf',1,122),(363,'RBernardoSantos_PASAPORTE.pdf','/statics/docs/rbernardo122/e436d9_RBernardoSantos_PASAPORTE.pdf',1,122),(364,'RBernardoSantos_TITULO UNIVERSITARIO.pdf','/statics/docs/rbernardo122/0ef7c2_RBernardoSantos_TITULO UNIVERSITARIO.pdf',1,122),(365,'RBernardo Santos_CERTIFICADO DE ESTUDIOS UNIVERSITARIOS.pdf','/statics/docs/rbernardo122/892d67_RBernardo Santos_CERTIFICADO DE ESTUDIOS UNIVERSITARIOS.pdf',1,122),(366,'RBernardoSantos_Acta de Nacimiento.pdf','/statics/docs/rbernardo122/20430e_RBernardoSantos_Acta de Nacimiento.pdf',1,122),(367,'RBernardoSantos_CURP.pdf','/statics/docs/rbernardo122/c2b072_RBernardoSantos_CURP.pdf',1,122),(368,'ROSELIA BERNARDO SANTOS_CV.pdf','/statics/docs/rbernardo122/d80217_ROSELIA BERNARDO SANTOS_CV.pdf',1,122),(369,'RBernardoSantos_PASAPORTE.pdf','/statics/docs/rbernardo122/53180a_RBernardoSantos_PASAPORTE.pdf',1,122),(370,'Shernandez_constancia.pdf','/statics/docs/shernandez125/ce1cd3_Shernandez_constancia.pdf',1,125),(371,'Shernandez_cv.pdf','/statics/docs/shernandez125/3408be_Shernandez_cv.pdf',1,125),(372,'Shernandez_identificacion.pdf','/statics/docs/shernandez125/a28aa5_Shernandez_identificacion.pdf',1,125),(373,'sgarcia_titulo.pdf','/statics/docs/sgarcia116/432fa9_sgarcia_titulo.pdf',1,116),(374,'sgarcia_certificadodeestudios.pdf','/statics/docs/sgarcia116/56c479_sgarcia_certificadodeestudios.pdf',1,116),(375,'sgarcia_acta.pdf','/statics/docs/sgarcia116/466161_sgarcia_acta.pdf',1,116),(376,'sgarcia_curp.jpg','/statics/docs/sgarcia116/2f1dc0_sgarcia_curp.jpg',1,116),(377,'sgarcia_curriculumydocumentosprovatorios.pdf','/statics/docs/sgarcia116/c3ebeb_sgarcia_curriculumydocumentosprovatorios.pdf',1,116),(378,'sgarcia_identificacion.pdf','/statics/docs/sgarcia116/f94f9e_sgarcia_identificacion.pdf',1,116),(379,'Gvizcaino_titulo.pdf','/statics/docs/gvizcaino126/3c0c41_Gvizcaino_titulo.pdf',1,126),(380,'Gvizcaino_certificado.pdf','/statics/docs/gvizcaino126/1cd2f9_Gvizcaino_certificado.pdf',1,126),(381,'Gvizcaino_acta.pdf','/statics/docs/gvizcaino126/4021d4_Gvizcaino_acta.pdf',1,126),(382,'Gvizcaino_di.pdf','/statics/docs/gvizcaino126/9785dd_Gvizcaino_di.pdf',1,126),(383,'Gvizcaino_CV.pdf','/statics/docs/gvizcaino126/176ad1_Gvizcaino_CV.pdf',1,126),(384,'Gvizcaino_identificación.pdf','/statics/docs/gvizcaino126/728a07_Gvizcaino_identificación.pdf',1,126),(385,'ccarballar_titulo.pdf','/statics/docs/ccarballar124/9298e5_ccarballar_titulo.pdf',1,124),(386,'ccarballar_certificado.pdf','/statics/docs/ccarballar124/a9da83_ccarballar_certificado.pdf',1,124),(387,'ccarballar_acta.pdf','/statics/docs/ccarballar124/3face6_ccarballar_acta.pdf',1,124),(388,'ccarballar_di.pdf','/statics/docs/ccarballar124/d3fdad_ccarballar_di.pdf',1,124),(389,'ccarballar_cv.pdf','/statics/docs/ccarballar124/246a2a_ccarballar_cv.pdf',1,124),(390,'ccarballar_identificacion.pdf','/statics/docs/ccarballar124/279bf9_ccarballar_identificacion.pdf',1,124),(391,'gmorfin_titulo.pdf','/statics/docs/gmorfin127/597b83_gmorfin_titulo.pdf',1,127),(392,'gmorfin_certificado.pdf','/statics/docs/gmorfin127/b3f8d7_gmorfin_certificado.pdf',1,127),(393,'gmorfin_acta.pdf','/statics/docs/gmorfin127/f3067b_gmorfin_acta.pdf',1,127),(394,'gmorfin_di.pdf','/statics/docs/gmorfin127/7c6976_gmorfin_di.pdf',1,127),(395,'gmorfin_cv.pdf','/statics/docs/gmorfin127/190c1c_gmorfin_cv.pdf',1,127),(396,'gmorfIn_identificacion.pdf','/statics/docs/gmorfin127/23bad2_gmorfIn_identificacion.pdf',1,127),(397,'Bperez_titulo.pdf','/statics/docs/bperez128/522deb_Bperez_titulo.pdf',1,128),(398,'Bperez_certificado.pdf','/statics/docs/bperez128/14bfa3_Bperez_certificado.pdf',1,128),(399,'Bperez_acta.pdf','/statics/docs/bperez128/bd2363_Bperez_acta.pdf',1,128),(400,'Bperez_di.pdf','/statics/docs/bperez128/8e2899_Bperez_di.pdf',1,128),(401,'Bperez_cv.pdf','/statics/docs/bperez128/6b5020_Bperez_cv.pdf',1,128),(402,'Bperez_identificación.pdf','/statics/docs/bperez128/e74bd2_Bperez_identificación.pdf',1,128),(403,'lmonreal_titulo.pdf.pdf','/statics/docs/lmonreal129/53cdc5_lmonreal_titulo.pdf.pdf',1,129),(404,'lmonreal_certificado.pdf.pdf','/statics/docs/lmonreal129/db46cf_lmonreal_certificado.pdf.pdf',1,129),(405,'lmonreal_acta.pdf.pdf','/statics/docs/lmonreal129/15a290_lmonreal_acta.pdf.pdf',1,129),(406,'lmonreal_curp.pdf','/statics/docs/lmonreal129/400d8f_lmonreal_curp.pdf',1,129),(407,'lmonreal_cv.pdf','/statics/docs/lmonreal129/114b3a_lmonreal_cv.pdf',1,129),(408,'lmonreal_identificacion.pdf.pdf','/statics/docs/lmonreal129/a2c2c4_lmonreal_identificacion.pdf.pdf',1,129),(409,'Ccamarena_constancia.pdf','/statics/docs/ccamarena130/6a81ce_Ccamarena_constancia.pdf',1,130),(410,'Ccamarena_cv.pdf','/statics/docs/ccamarena130/13a559_Ccamarena_cv.pdf',1,130),(411,'Ccamarena_identificacion.pdf','/statics/docs/ccamarena130/2e23d0_Ccamarena_identificacion.pdf',1,130),(412,'Apina_titulo.pdf','/statics/docs/apina63/a19d17_Apina_titulo.pdf',1,63),(413,'Apina_certificado.pdf','/statics/docs/apina63/749e60_Apina_certificado.pdf',1,63),(414,'Apina_acta.pdf','/statics/docs/apina63/336b31_Apina_acta.pdf',1,63),(415,'Apina_di.pdf','/statics/docs/apina63/78f241_Apina_di.pdf',1,63),(416,'Currículum Vitae con documento probatorio.pdf','/statics/docs/apina63/7b8402_Currículum Vitae con documento probatorio.pdf',1,63),(417,'Apina_identificacion.pdf','/statics/docs/apina63/e8a615_Apina_identificacion.pdf',1,63),(418,'drivera_titulo.pdf','/statics/docs/drivera51/427012_drivera_titulo.pdf',1,51),(419,'drivera_certificado.pdf','/statics/docs/drivera51/a8978f_drivera_certificado.pdf',1,51),(420,'drivera_acta.pdf','/statics/docs/drivera51/73537c_drivera_acta.pdf',1,51),(421,'drivera_di.pdf','/statics/docs/drivera51/33450b_drivera_di.pdf',1,51),(422,'drivera_cv.pdf','/statics/docs/drivera51/b5cdf4_drivera_cv.pdf',1,51),(423,'drivera_identificacion.pdf','/statics/docs/drivera51/84dacb_drivera_identificacion.pdf',1,51),(424,'mpascual_titulo.pdf','/statics/docs/mpascual131/369bd6_mpascual_titulo.pdf',1,131),(425,'mpascual_certificado.pdf','/statics/docs/mpascual131/abd68c_mpascual_certificado.pdf',1,131),(426,'mpascual_acta.pdf','/statics/docs/mpascual131/fd2bc3_mpascual_acta.pdf',1,131),(427,'mpascual_di.pdf','/statics/docs/mpascual131/e7c310_mpascual_di.pdf',1,131),(428,'mpascual_CVPosgradoUAM_2013.pdf','/statics/docs/mpascual131/b3998e_mpascual_CVPosgradoUAM_2013.pdf',1,131),(429,'mpascual_identificacion.pdf','/statics/docs/mpascual131/41425d_mpascual_identificacion.pdf',1,131),(430,'amendoza_titulo.pdf','/statics/docs/amendoza132/ab95c8_amendoza_titulo.pdf',1,132),(431,'amendoza.constancia.pdf','/statics/docs/amendoza132/a1c840_amendoza.constancia.pdf',1,132),(432,'amendoza-acta.pdf','/statics/docs/amendoza132/c30e48_amendoza-acta.pdf',1,132),(433,'amendoza_di.pdf','/statics/docs/amendoza132/2655f9_amendoza_di.pdf',1,132),(434,'amendoza_cv.pdf','/statics/docs/amendoza132/ad5c58_amendoza_cv.pdf',1,132),(435,'amendoza_identificacion.pdf','/statics/docs/amendoza132/c53355_amendoza_identificacion.pdf',1,132),(436,'cluciano_acta.jpg','/statics/docs/cluciano57/cluciano_acta.jpg',1,57),(437,'cluciano_certificado.pdf','/statics/docs/cluciano57/cluciano_certificado.pdf',1,57),(438,'cluciano_di.pdf','/statics/docs/cluciano57/cluciano_di.pdf',1,57),(439,'shernandez_titulo.pdf','/statics/docs/shernandez125/shernandez_titulo.pdf',1,125),(440,'shernandez_di.pdf','/statics/docs/shernandez125/shernandez_di.pdf',1,125),(441,'shernandez_certificado.pdf','/statics/docs/shernandez125/shernandez_certificado.pdf',1,125),(442,'shernandez_constancia.pdf','/statics/docs/shernandez125/shernandez_constancia.pdf',1,125),(443,'shernandez_acta.pdf','/statics/docs/shernandez125/shernandez_acta.pdf',1,125),(444,'nvelazquez_titulo.pdf','/statics/docs/nvieyra104/nvelazquez_titulo.pdf',1,104),(445,'nvelazquez_certificado.pdf','/statics/docs/nvieyra104/nvelazquez_certificado.pdf',1,104),(446,'nvelazquez_acta.pdf','/statics/docs/nvieyra104/nvelazquez_acta.pdf',1,104),(447,'nvelazquez_di.pdf','/statics/docs/nvieyra104/nvelazquez_di.pdf',1,104),(448,'Arangel_tituloCE.pdf','/statics/docs/arangel41/docsCertificados/b9f3cb_Arangel_tituloCE.pdf',2,41),(449,'Arangel_certificadoCE.pdf','/statics/docs/arangel41/docsCertificados/84f0cf_Arangel_certificadoCE.pdf',2,41),(450,'Aragel_actaLE.pdf','/statics/docs/arangel41/docsCertificados/69ed68_Aragel_actaLE.pdf',2,41),(451,'Mdelrasso_tituloCE.pdf','/statics/docs/mdelrasso92/docsCertificados/b1c038_Mdelrasso_tituloCE.pdf',2,92),(452,'Mdelrasso_certificadoCE.pdf','/statics/docs/mdelrasso92/docsCertificados/e5a4ff_Mdelrasso_certificadoCE.pdf',2,92),(453,'Mdelrasso_actaCE.pdf','/statics/docs/mdelrasso92/docsCertificados/5057a8_Mdelrasso_actaCE.pdf',2,92),(454,'jzazueta_título.pdf','/statics/docs/jzazueta90/docsCertificados/561246_jzazueta_título.pdf',2,90),(455,'jzazueta_certificado.pdf','/statics/docs/jzazueta90/docsCertificados/a4a438_jzazueta_certificado.pdf',2,90),(456,'jzazueta_acta.pdf','/statics/docs/jzazueta90/docsCertificados/e76150_jzazueta_acta.pdf',2,90),(457,'TITULO.pdf','/statics/docs/jgarcia133/924314_TITULO.pdf',1,133),(458,'CERTIFICADO.pdf','/statics/docs/jgarcia133/0d7b84_CERTIFICADO.pdf',1,133),(459,'ACTA.pdf','/statics/docs/jgarcia133/673f6c_ACTA.pdf',1,133),(460,'ACTA.pdf','/statics/docs/jgarcia133/10b8d8_ACTA.pdf',1,133),(461,'ACTA.pdf','/statics/docs/jgarcia133/f7cf99_ACTA.pdf',1,133),(462,'ACTA.pdf','/statics/docs/jgarcia133/c978de_ACTA.pdf',1,133),(463,'titulo.pdf','/statics/docs/mguallar134/42f19b_titulo.pdf',1,134),(464,'certificado.pdf','/statics/docs/mguallar134/21c823_certificado.pdf',1,134),(465,'acta.pdf','/statics/docs/mguallar134/3720ef_acta.pdf',1,134),(466,'acta.pdf','/statics/docs/mguallar134/f24e94_acta.pdf',1,134),(467,'acta.pdf','/statics/docs/mguallar134/bb6ef4_acta.pdf',1,134),(468,'acta.pdf','/statics/docs/mguallar134/f184e7_acta.pdf',1,134),(469,'ccasas_títuloCE (3).pdf','/statics/docs/ccasas38/docsCertificados/4cd376_ccasas_títuloCE (3).pdf',2,38),(470,'ccasas_certificadoCE (4).pdf','/statics/docs/ccasas38/docsCertificados/ce40d2_ccasas_certificadoCE (4).pdf',2,38),(471,'ccasas_actaCE (2).pdf','/statics/docs/ccasas38/docsCertificados/fa4267_ccasas_actaCE (2).pdf',2,38),(472,'ccasas_títuloCE.pdf','/statics/docs/ccasas38/docsCertificados/fe8424_ccasas_títuloCE.pdf',2,38),(473,'ccasas_certificadoCE.pdf','/statics/docs/ccasas38/docsCertificados/cb77b7_ccasas_certificadoCE.pdf',2,38),(474,'ccasas_actaCE.pdf','/statics/docs/ccasas38/docsCertificados/37af8e_ccasas_actaCE.pdf',2,38),(475,'Rderas_titulo.pdf','/statics/docs/rderas69/docsCertificados/6e5590_Rderas_titulo.pdf',2,69),(476,'Rderas_certificado.pdf','/statics/docs/rderas69/docsCertificados/363f58_Rderas_certificado.pdf',2,69),(477,'Rderas_acta.pdf','/statics/docs/rderas69/docsCertificados/a96945_Rderas_acta.pdf',2,69),(478,'MNarvaez_títuloCE.pdf','/statics/docs/mnarvaez93/docsCertificados/9dfb00_MNarvaez_títuloCE.pdf',2,93),(479,'MNarvaez_títuloCE.pdf','/statics/docs/mnarvaez93/docsCertificados/3d530b_MNarvaez_títuloCE.pdf',2,93),(480,'Mnarvaez_certificadoCE.pdf','/statics/docs/mnarvaez93/docsCertificados/342188_Mnarvaez_certificadoCE.pdf',2,93),(481,'MNarvaez_actaCE.pdf','/statics/docs/mnarvaez93/docsCertificados/b66fe6_MNarvaez_actaCE.pdf',2,93),(482,'Mceja_tituloCE.pdf','/statics/docs/mceja95/docsCertificados/9f105c_Mceja_tituloCE.pdf',2,95),(483,'Mceja_certificadoCE.pdf','/statics/docs/mceja95/docsCertificados/84c9a5_Mceja_certificadoCE.pdf',2,95),(484,'Mceja_actaCE.pdf','/statics/docs/mceja95/docsCertificados/da839a_Mceja_actaCE.pdf',2,95),(485,'Aperez_tituloCE.pdf','/statics/docs/aperez75/docsCertificados/3544a8_Aperez_tituloCE.pdf',2,75),(486,'Aperez_certificadoCE.pdf','/statics/docs/aperez75/docsCertificados/9beb6c_Aperez_certificadoCE.pdf',2,75),(487,'Aperez_actaCE.pdf','/statics/docs/aperez75/docsCertificados/a9311b_Aperez_actaCE.pdf',2,75),(488,'ccarballar_tituloCE.pdf','/statics/docs/ccarballar124/docsCertificados/ae61b2_ccarballar_tituloCE.pdf',2,124),(489,'ccarballar_certificadoCE.pdf','/statics/docs/ccarballar124/docsCertificados/4fb89a_ccarballar_certificadoCE.pdf',2,124),(490,'ccarballar_actaCE.pdf','/statics/docs/ccarballar124/docsCertificados/5eca73_ccarballar_actaCE.pdf',2,124),(491,'lmonreal_títuloCE.pdf.pdf','/statics/docs/lmonreal129/docsCertificados/fe7b51_lmonreal_títuloCE.pdf.pdf',2,129),(492,'lmonreal_certificadoCE.pdf.pdf','/statics/docs/lmonreal129/docsCertificados/d9d33f_lmonreal_certificadoCE.pdf.pdf',2,129),(493,'lmonreal_actaCE.pdf.pdf','/statics/docs/lmonreal129/docsCertificados/669f90_lmonreal_actaCE.pdf.pdf',2,129),(494,'ldelolmo_tituloCE.pdf','/statics/docs/ldelolmo58/docsCertificados/3f1d8c_ldelolmo_tituloCE.pdf',2,58),(495,'ldelolmo_certificadoCE.pdf','/statics/docs/ldelolmo58/docsCertificados/fbb52e_ldelolmo_certificadoCE.pdf',2,58),(496,'ldelolmo_actaCE.pdf','/statics/docs/ldelolmo58/docsCertificados/eac6c3_ldelolmo_actaCE.pdf',2,58),(497,'emendoza_tituloCE.pdf','/statics/docs/emendoza76/docsCertificados/dcb58d_emendoza_tituloCE.pdf',2,76),(498,'emendoza_actaCE.pdf','/statics/docs/emendoza76/docsCertificados/bf133c_emendoza_actaCE.pdf',2,76),(499,'Jhubert_constancia.pdf','/statics/docs/jhubert135/9715c7_Jhubert_constancia.pdf',1,135),(500,'Jhubert_cv.pdf','/statics/docs/jhubert135/64490e_Jhubert_cv.pdf',1,135),(501,'Jhubert_identificacion.pdf','/statics/docs/jhubert135/b706a2_Jhubert_identificacion.pdf',1,135),(502,'Gunnary Prado_Título Profesional.pdf','/statics/docs/gprado137/aa3628_Gunnary Prado_Título Profesional.pdf',1,137),(503,'gprado_cv.pdf','/statics/docs/gprado137/a657a9_gprado_cv.pdf',1,137),(504,'IFE Gunnary.pdf','/statics/docs/gprado137/243b6a_IFE Gunnary.pdf',1,137);
/*!40000 ALTER TABLE `archivos` ENABLE KEYS */;
UNLOCK TABLES;

--
-- Table structure for table `catEstados`
--

DROP TABLE IF EXISTS `catEstados`;
/*!40101 SET @saved_cs_client     = @@character_set_client */;
/*!40101 SET character_set_client = utf8 */;
CREATE TABLE `catEstados` (
  `IdEstado` int(11) NOT NULL AUTO_INCREMENT,
  `NomEstado` varchar(255) DEFAULT NULL,
  `Tipo` varchar(20) DEFAULT NULL,
  `IdPais` int(6) unsigned NOT NULL,
  PRIMARY KEY (`IdEstado`),
  KEY `fk_catEstados_catPaises2_idx` (`IdPais`),
  CONSTRAINT `fk_catEstados_catPaises2` FOREIGN KEY (`IdPais`) REFERENCES `catPaises` (`IdPais`) ON DELETE CASCADE ON UPDATE CASCADE
) ENGINE=InnoDB AUTO_INCREMENT=122 DEFAULT CHARSET=utf8;
/*!40101 SET character_set_client = @saved_cs_client */;

--
-- Dumping data for table `catEstados`
--

LOCK TABLES `catEstados` WRITE;
/*!40000 ALTER TABLE `catEstados` DISABLE KEYS */;
INSERT INTO `catEstados` VALUES (1,'San José',NULL,60),(2,'Alajuela',NULL,60),(3,'Cartago',NULL,60),(4,'Guanacaste',NULL,60),(5,'Heredia',NULL,60),(6,'Limón',NULL,60),(7,'Puntarenas',NULL,60),(8,'Panamá',NULL,75),(9,'Bocas del Toro',NULL,75),(10,'Coclé',NULL,75),(11,'Chiriquí',NULL,75),(12,'Darién',NULL,75),(13,'Herrera',NULL,75),(14,'Los Santos',NULL,75),(15,'Veraguas',NULL,75),(16,'Kuna Yala',NULL,75),(17,'Ngobé Buglé',NULL,75),(18,'Emberá-Wounaan',NULL,75),(19,'Francisco Morazán',NULL,69),(20,'Atlántida',NULL,69),(21,'Colón',NULL,69),(22,'Comayagua',NULL,69),(23,'Copán',NULL,69),(24,'Cortés',NULL,69),(25,'Choluteca',NULL,69),(26,'El Paraíso',NULL,69),(27,'Gracias a Dios',NULL,69),(28,'Intibucá',NULL,69),(29,'Islas de la Bahía',NULL,69),(30,'La Paz',NULL,69),(31,'Lempira',NULL,69),(32,'Ocotepeque',NULL,69),(33,'Olancho',NULL,69),(34,'Santa Bárbara',NULL,69),(35,'Valle',NULL,69),(36,'Yoro',NULL,69),(37,'Guatemala',NULL,67),(38,'Alta Verapaz',NULL,67),(39,'Baja Verapaz',NULL,67),(40,'Chimaltenango',NULL,67),(41,'Chiquimula',NULL,67),(42,'El Progreso',NULL,67),(43,'El Quiché',NULL,67),(44,'Escuintla',NULL,67),(45,'Huehuetenango',NULL,67),(46,'Izabal',NULL,67),(47,'Jalapa',NULL,67),(48,'Jutiapa',NULL,67),(49,'Petén',NULL,67),(50,'Quetzaltenango',NULL,67),(51,'Retalhuleu',NULL,67),(52,'Sacatepéquez',NULL,67),(53,'Santa Rosa',NULL,67),(54,'Sololá',NULL,67),(55,'Suchitepéquez',NULL,67),(56,'Totonicapán',NULL,67),(57,'Zacapa',NULL,67),(58,'San Marcos',NULL,67),(59,'San Salvador',NULL,64),(60,'Ahuachapán',NULL,64),(61,'Cabañas',NULL,64),(62,'Cuscatlán',NULL,64),(63,'Chalatenango',NULL,64),(64,'La libertad',NULL,64),(65,'La Paz',NULL,64),(66,'La Unión',NULL,64),(67,'Morazán',NULL,64),(68,'San Miguel',NULL,64),(69,'Santa Ana',NULL,64),(70,'San Vicente',NULL,64),(71,'Sonsonate',NULL,64),(72,'Usulután',NULL,64),(73,'Managua',NULL,74),(74,'Boaco',NULL,74),(75,'Carazo',NULL,74),(76,'Chinandega',NULL,74),(77,'Chontales',NULL,74),(78,'Estelí',NULL,74),(79,'Granada',NULL,74),(80,'Jinotega',NULL,74),(81,'León',NULL,74),(82,'Madriz',NULL,74),(83,'Masaya',NULL,74),(84,'Matagalpa',NULL,74),(85,'Nueva Segovia',NULL,74),(86,'El Morrito',NULL,74),(87,'Rivas',NULL,74),(88,'Región Autónoma del Atlántico Norte',NULL,74),(89,'Región Autónoma del Atlántico Sur',NULL,74),(90,'Aguascalientes',NULL,51),(91,'Baja California',NULL,51),(92,'Baja California Sur',NULL,51),(93,'Campeche',NULL,51),(94,'Chiapas',NULL,51),(95,'Chihuahua',NULL,51),(96,'Coahuila de Zaragoza',NULL,51),(97,'Colima',NULL,51),(98,'Distrito Federal',NULL,51),(99,'Durango',NULL,51),(100,'Guanajuato',NULL,51),(101,'Guerrero',NULL,51),(102,'Hidalgo',NULL,51),(103,'Jalisco',NULL,51),(104,'Estado de México',NULL,51),(105,'Michoacán de Ocampo',NULL,51),(106,'Morelos',NULL,51),(107,'Nayarit',NULL,51),(108,'Nuevo León',NULL,51),(109,'Oaxaca',NULL,51),(110,'Puebla',NULL,51),(111,'Querétaro',NULL,51),(112,'Quintana Roo',NULL,51),(113,'San Luis Potosí',NULL,51),(114,'Sinaloa',NULL,51),(115,'Sonora',NULL,51),(116,'Tabasco',NULL,51),(117,'Tamaulipas',NULL,51),(118,'Tlaxcala',NULL,51),(119,'Veracruz de Ignacio de la Llave',NULL,51),(120,'Yucatán',NULL,51),(121,'Zacatecas',NULL,51);
/*!40000 ALTER TABLE `catEstados` ENABLE KEYS */;
UNLOCK TABLES;

--
-- Table structure for table `catMunicipios`
--

DROP TABLE IF EXISTS `catMunicipios`;
/*!40101 SET @saved_cs_client     = @@character_set_client */;
/*!40101 SET character_set_client = utf8 */;
CREATE TABLE `catMunicipios` (
  `IdMunicipio` int(11) NOT NULL AUTO_INCREMENT,
  `NomMunicipio` varchar(255) DEFAULT NULL,
  `IdEstado` int(11) NOT NULL,
  PRIMARY KEY (`IdMunicipio`),
  UNIQUE KEY `IdMunicipio_UNIQUE` (`IdMunicipio`),
  KEY `fk_catMunicipios_catEstados2_idx` (`IdEstado`),
  CONSTRAINT `fk_catMunicipios_catEstados2` FOREIGN KEY (`IdEstado`) REFERENCES `catEstados` (`IdEstado`) ON DELETE CASCADE ON UPDATE CASCADE
) ENGINE=InnoDB AUTO_INCREMENT=3671 DEFAULT CHARSET=utf8;
/*!40101 SET character_set_client = @saved_cs_client */;

--
-- Dumping data for table `catMunicipios`
--

LOCK TABLES `catMunicipios` WRITE;
/*!40000 ALTER TABLE `catMunicipios` DISABLE KEYS */;
INSERT INTO `catMunicipios` VALUES (1,'Acosta',1),(2,'Alajuelita',1),(3,'Aserrí',1),(4,'Central San José',1),(5,'Curridabat',1),(6,'Desamparados',1),(7,'Dota',1),(8,'Escazú',1),(9,'Goicoechea',1),(10,'León Cortés',1),(11,'Montes de Oca',1),(12,'Mora',1),(13,'Moravia',1),(14,'Pérez Zeledón',1),(15,'Puriscal',1),(16,'Santa Ana',1),(17,'Tarrazú',1),(18,'Tibás',1),(19,'Turrúbares',1),(20,'Vázquez de Coronado',1),(21,'Alfaro Ruiz',1),(22,'Atenas',2),(23,'Central Alajuela',2),(24,'Grecia',2),(25,'Guatuso',2),(26,'Los Chiles',2),(27,'Naranjo',2),(28,'Orotina',2),(29,'Palmares',2),(30,'Poás',2),(31,'San Carlos',2),(32,'San Mateo',2),(33,'San Ramón',2),(34,'Upala',2),(35,'Valverde Vega',2),(36,'Alvarado',3),(37,'Cartago',3),(38,'El Guarco',3),(39,'Jiménez',3),(40,'La Unión',3),(41,'Oreamuno',3),(42,'Paraíso',3),(43,'Turrialba',3),(44,'Abangares',4),(45,'Bagaces',4),(46,'Cañas',4),(47,'Carrillo',4),(48,'Hojancha',4),(49,'La Cruz',4),(50,'Liberia',4),(51,'Nandayure',4),(52,'Nicoya',4),(53,'Santa Cruz',4),(54,'Tilarán',4),(55,'Barba',5),(56,'Belén',5),(57,'Central Heredia',5),(58,'Flores',5),(59,'San Isidro',5),(60,'San Pablo',5),(61,'San Rafael',5),(62,'Santa Bárbara',5),(63,'Santo Domingo',5),(64,'Sarapiquí',5),(65,'Central Limón',6),(66,'Guácimo',6),(67,'Matina',6),(68,'Pococí',6),(69,'Siquirres',6),(70,'Talamanca',6),(71,'Aguirre',7),(72,'Buenos Aires',7),(73,'Central Puntarenas',7),(74,'Corredores',7),(75,'Coto Brus',7),(76,'Esparza',7),(77,'Garabito',7),(78,'Golfito',7),(79,'Montes de Oro',7),(80,'Osa',7),(81,'Parrita',7),(82,'Arraiján',8),(83,'Balboa',8),(84,'Capira',8),(85,'Chame',8),(86,'Chepo',8),(87,'Chimán',8),(88,'La Chorrera',8),(89,'Panamá',8),(90,'San Carlos',8),(91,'San Miguelito',8),(92,'Taboga',8),(93,'Bocas del Toro',9),(94,'Changuinola',9),(95,'Chiriquí Grande',9),(96,'Aguadulce',10),(97,'Antón',10),(98,'La Pintada',10),(99,'Natá',10),(100,'Olá',10),(101,'Penonomé',10),(102,'Alanje',11),(103,'Barú',11),(104,'Boquerón',11),(105,'Boquete',11),(106,'Bugaba',11),(107,'David',11),(108,'Dolega',11),(109,'Gualaca',11),(110,'Remedios',11),(111,'Renacimiento',11),(112,'San Felix',11),(113,'San Lorenzo',11),(114,'Tolé',11),(115,'Chepigana',12),(116,'Pinogana',12),(117,'Chitré',13),(118,'Las Minas',13),(119,'Los Pozos',13),(120,'Ocú',13),(121,'Parita',13),(122,'Pesé',13),(123,'Santa María',13),(124,'Guararé',14),(125,'Las Tablas',14),(126,'Los Santos',14),(127,'Macaracas',14),(128,'Pedasí',14),(129,'Pocrí',14),(130,'Tonosí',14),(131,'Atalaya',15),(132,'Calobre',15),(133,'Cañazas',15),(134,'La Mesa',15),(135,'Las Palmas',15),(136,'Mariato',15),(137,'Montijo',15),(138,'Río de Jesús',15),(139,'San Francisco',15),(140,'Santa Fe',15),(141,'Santiago',15),(142,'Soná',15),(143,'El Porvenir',16),(144,'Llano Tugrí',17),(145,'Kankintú',17),(146,'Kusapín',17),(147,'Besikó',17),(148,'Mironó',17),(149,'Muna',17),(150,'Nole Duima',17),(151,'Ñurun',17),(152,'Unión Chocó',18),(153,'Cémaco',18),(154,'Sambú',18),(155,'Distrito Central (Tegucigalpa)',19),(156,'Alubaren',19),(157,'Cedros',19),(158,'Curaren',19),(159,'El Porvenir',19),(160,'Guaimaca',19),(161,'La Libertad',19),(162,'La Venta',19),(163,'Lepaterique',19),(164,'Maraita',19),(165,'Marale',19),(166,'Nueva Armenia',19),(167,'Ojojona',19),(168,'Orica',19),(169,'Reitoca',19),(170,'Sabanagrande',19),(171,'San Antonio de Oriente',19),(172,'San Buenaventura',19),(173,'San Ignacio',19),(174,'San Juan de Flores',19),(175,'San Miguelito',19),(176,'Santa Ana',19),(177,'Santa Lucía',19),(178,'Talanga',19),(179,'Tatumbla',19),(180,'Valle de Angeles',19),(181,'Villa de San Francisco',19),(182,'Vallecillo',19),(183,'La Ceiba',20),(184,'El Porvenir',20),(185,'Esparta',20),(186,'Jutiapa',20),(187,'La Masica',20),(188,'San Francisco',20),(189,'Tela',20),(190,'Arizona',20),(191,'Colón',21),(192,'Chagres',21),(193,'Donoso',21),(194,'Portobelo',21),(195,'Santa Isabel',21),(196,'Trujillo',21),(197,'Balfate',21),(198,'Iriona',21),(199,'Limón',21),(200,'Saba',21),(201,'Santa Fé',21),(202,'Santa Rosa de Aguan',21),(203,'Sonaguera',21),(204,'Tocoa',21),(205,'Bonito Oriental',21),(206,'Comayagua',22),(207,'Ajuterique',22),(208,'El Rosario',22),(209,'Esquias',22),(210,'Humuya',22),(211,'La Libertad',22),(212,'Lamani',22),(213,'La Trinidad',22),(214,'Lejamani',22),(215,'Meambar',22),(216,'Minas de Oro',22),(217,'Ojos de AGua',22),(218,'San Jerónimo',22),(219,'San José Comayagua',22),(220,'San José del Potrero',22),(221,'San Luis',22),(222,'San Sebastián',22),(223,'Siguatepeque',22),(224,'Villa de San Antonio',22),(225,'Las Lajas',22),(226,'Taulabe',22),(227,'Santa Rosa de Copán',23),(228,'Cabañas',23),(229,'Concepción',23),(230,'Copán Ruinas',23),(231,'Corquin',23),(232,'Cucuyagua',23),(233,'Dolores',23),(234,'Dulce Nombre',23),(235,'El Paraíso',23),(236,'Florida',23),(237,'La Jigua',23),(238,'La Unión',23),(239,'Nueva Arcadia',23),(240,'San Agustín',23),(241,'San Antonio',23),(242,'San Jerónimo',23),(243,'San José',23),(244,'San Juan de Opoa',23),(245,'San Nicolás',23),(246,'San Pedro',23),(247,'Santa Rita',23),(248,'Trinidad',23),(249,'Veracruz',23),(250,'San Pedro Sula',24),(251,'Choloma',24),(252,'Omoa',24),(253,'Pimienta',24),(254,'Potrerillos',24),(255,'Puerto Cortés',24),(256,'San Antonio de Cortés',24),(257,'San Francisco de Yojoa',24),(258,'San Manuel',24),(259,'Santa Cruz de Yojoa',24),(260,'Villanueva',24),(261,'La Lima',24),(262,'Choluteca',25),(263,'Apacilagua',25),(264,'Concepción de María',25),(265,'Duyure',25),(266,'El Corpus',25),(267,'El Triunfo',25),(268,'Marcovia',25),(269,'Morolica',25),(270,'Namasigue',25),(271,'Orocuina',25),(272,'Pespire',25),(273,'San Antonio de Flores',25),(274,'San Isidro',25),(275,'San José',25),(276,'San Marcos de Colón',25),(277,'Santa Ana de Yusguare',25),(278,'Yuscaran',26),(279,'Alauca',26),(280,'Danli',26),(281,'El Paraíso',26),(282,'Guinope',26),(283,'Jacaleapa',26),(284,'Liure',26),(285,'Moroceli',26),(286,'Oropoli',26),(287,'Potrerillos',26),(288,'San Antonio de Flores',26),(289,'San Lucas',26),(290,'San Matías',26),(291,'Soledad',26),(292,'Teupasenti',26),(293,'Texiguat',26),(294,'Vado Ancho',26),(295,'Yauyupe',26),(296,'Trojes',26),(297,'Puerto Lempira',27),(298,'Brus Laguna',27),(299,'Ahuas',27),(300,'Juan Francisco Bulnes',27),(301,'Villeda Morales',27),(302,'Wampusirpi',27),(303,'La Esperanza',28),(304,'Camasca',28),(305,'Colomoncagua',28),(306,'Concepción',28),(307,'Dolores',28),(308,'Intibuca',28),(309,'Jesús de Otoro',28),(310,'Magdalena',28),(311,'Masaguara',28),(312,'San Antonio ',28),(313,'San Isidro',28),(314,'San Juan',28),(315,'San Marcos de La Sierra',28),(316,'San Miguelito',28),(317,'Santa Lucía',28),(318,'Yamaranguila',28),(319,'San Francisco de Opalaca',28),(320,'Roatán',29),(321,'Guanaja',29),(322,'José Santos Guardiola',29),(323,'Utila',29),(324,'La Paz',30),(325,'Aguantequerique',30),(326,'Cabañas',30),(327,'Cane',30),(328,'Chinacla',30),(329,'Guajiquiro',30),(330,'Lauterique',30),(331,'Marcala',30),(332,'Mercedes de Oriente',30),(333,'Opatoro',30),(334,'San Antonio del Norte',30),(335,'San José',30),(336,'San Juan',30),(337,'San pedro de Tutule',30),(338,'Santa Ana',30),(339,'Santa Elena',30),(340,'Santa María',30),(341,'Santiago de Puringla',30),(342,'Yarula',30),(343,'Gracias',31),(344,'Belén',31),(345,'Candelaria',31),(346,'Cololaca',31),(347,'Erandique',31),(348,'Gualcince',31),(349,'Guarita',31),(350,'La Campa',31),(351,'La Iguala',31),(352,'Las Flores',31),(353,'La Unión',31),(354,'La Virtud',31),(355,'Lepaera',31),(356,'Mapulaca',31),(357,'Piraera',31),(358,'San Andrés',31),(359,'San Francisco',31),(360,'San Juan Guarita',31),(361,'San Manuel de Colohete',31),(362,'San Rafael',31),(363,'San Sebastián',31),(364,'Santa Cruz',31),(365,'Talgua',31),(366,'Tambla',31),(367,'Tomala',31),(368,'Valladolid',31),(369,'Virginia',31),(370,'San Marcos de Caiquin',31),(371,'Ocotepeque',32),(372,'Belén Gualcho ',32),(373,'Concepción',32),(374,'Dolores Merendón ',32),(375,'Fraternidad',32),(376,'La Encarnación',32),(377,'La Labor',32),(378,'Lucema',32),(379,'Mercedes',32),(380,'San Fernando ',32),(381,'San Francisco del Valle',32),(382,'San Jorge',32),(383,'San Marcos ',32),(384,'Santa Fé ',32),(385,'Sensenti',32),(386,'Sinuapa ',32),(387,'Juticalpa',33),(388,'Campamento',33),(389,'Catacamas',33),(390,'Concordia',33),(391,'Dulce Nombre de Culmi',33),(392,'El Rosario',33),(393,'Esquipulas del Norte',33),(394,'Gualaco',33),(395,'Guarizama',33),(396,'Guata',33),(397,'Guayape',33),(398,'Jano',33),(399,'La Unión',33),(400,'Mangulile',33),(401,'Manto',33),(402,'Salama',33),(403,'San Esteban',33),(404,'San Francisco de Becerra',33),(405,'San Francisco de La Paz',33),(406,'Santa María del Real',33),(407,'Silca',33),(408,'Yocon',33),(409,'Patuca',33),(410,'Santa Bárbara',34),(411,'Arada',34),(412,'Atima',34),(413,'Azacualpa',34),(414,'Ceguaca',34),(415,'San José de Colinas',34),(416,'Concepción del Norte',34),(417,'Concepción del Sur',34),(418,'Chinda',34),(419,'El Níspero',34),(420,'Gualala',34),(421,'Llama',34),(422,'Macuelizo',34),(423,'Naranjito',34),(424,'Nuevo Celilac',34),(425,'Petoa',34),(426,'Protección',34),(427,'Quimistan',34),(428,'San Francisco de Ojuera',34),(429,'San Luis',34),(430,'San Marcos',34),(431,'San Nicolás',34),(432,'San Pedro de Zacapa',34),(433,'Santa Rita',34),(434,'San Vicente Centenario',34),(435,'Trinidad',34),(436,'Las Vegas',34),(437,'Nueva Frontera',34),(438,'Nacaome',35),(439,'Alianza',35),(440,'Amapala',35),(441,'Aramecina',35),(442,'Caridad',35),(443,'Goascoran',35),(444,'Langue',35),(445,'San Francisco de Coray',35),(446,'San Lorenzo',35),(447,'Yoro',36),(448,'Arenal',36),(449,'El Negrito',36),(450,'El Progreso',36),(451,'Jocon',36),(452,'Morazan',36),(453,'Olanchito',36),(454,'Santa Rita',36),(455,'Sulaco',36),(456,'Victoria',36),(457,'Yorito',36),(458,'Guatemala',37),(459,'Santa Catarina Pinula',37),(460,'San José Pinula',37),(461,'San José del Golfo',37),(462,'Palencia',37),(463,'Chinautla',37),(464,'San Pedro Ayampuc',37),(465,'Mixco',37),(466,'San Pedro Sacatepequez',37),(467,'San Juan Sacatepequez',37),(468,'San Raymundo',37),(469,'Chuarrancho',37),(470,'Fraijanes',37),(471,'Amatitlán',37),(472,'Villa Nueva',37),(473,'Villa Canales',37),(474,'San Miguel Petapa',37),(475,'Cobán',38),(476,'Santa Cruz Verapaz',38),(477,'San Cristobal Verapaz',38),(478,'Tactíc',38),(479,'Tamahú',38),(480,'San Miguel Tucurú',38),(481,'Panzos',38),(482,'Senahú',38),(483,'San Pedro Carchá',38),(484,'SanJuan Chamelco',38),(485,'Lanquín',38),(486,'Santa María Cahabón',38),(487,'Chisec',38),(488,'Chahal',38),(489,'Fray Bartolomé de las Casas',38),(490,'Santa Catarina La Tinta',38),(491,'Salamá',39),(492,'San Miguel Chicaj',39),(493,'Rabinal',39),(494,'Cubulco',39),(495,'Granados',39),(496,'Santa Cruz El Chol',39),(497,'San Jerónimo',39),(498,'Purulhá',39),(499,'Chimaltenango',40),(500,'San José Poaquil',40),(501,'San Martín Jilotepeque',40),(502,'San Juan Comalapa',40),(503,'Santa Apolonia',40),(504,'Tecpán Guatemala',40),(505,'Patzun',40),(506,'San Miguel Pochuta',40),(507,'Patzicia',40),(508,'Santa Cruz Balanyá',40),(509,'Acatenango',40),(510,'San Pedro Yepocapa',40),(511,'San Andrés Itzapa',40),(512,'Parramos',40),(513,'Zaragoza',40),(514,'El Tejar',40),(515,'Chiquimula',41),(516,'San José La Arada',41),(517,'San Juan Hermita',41),(518,'Jocotán',41),(519,'Camotán',41),(520,'Olopa',41),(521,'Esquipulas',41),(522,'Concepción Las Minas',41),(523,'Quezaltepeque',41),(524,'San Jacinto',41),(525,'Ipala',41),(526,'Guastatoya',42),(527,'Morazán',42),(528,'San Agustín Acasaguastlan',42),(529,'San Cristóbal Acasaguastlan ',42),(530,'El Jícaro',42),(531,'Sansare',42),(532,'Sanarate',42),(533,'San Antonio La Paz',42),(534,'Santa Cruz del Quiché',43),(535,'Chiche',43),(536,'Chinique',43),(537,'Zacualpa',43),(538,'Chajul',43),(539,'Santo Tomás Chichicstenango',43),(540,'Patzité',43),(541,'San Antonio Ilotenango',43),(542,'San Pedro Jocopilas',43),(543,'Cunén',43),(544,'San Juan Cotzal',43),(545,'Joyabaj',43),(546,'Santa María Nebaj',43),(547,'San Andrés Sajcabajá',43),(548,'San Miguel Uspatán',43),(549,'Sacapulas',43),(550,'San Bartolomé Jocotenango',43),(551,'Canilla',43),(552,'Chicaman',43),(553,'Playa Grnade - Ixcán',43),(554,'Pachalúm ',43),(555,'Escuintla',44),(556,'Santa Lucía Cotzumalguapa',44),(557,'La Democracia',44),(558,'Siquinalá',44),(559,'Masagua',44),(560,'Pueblo Nuevo Tiquisate',44),(561,'La Gomera',44),(562,'Guanagazapa',44),(563,'Puerto de San José',44),(564,'Iztapa',44),(565,'Palín',44),(566,'San Vicente Pacaya',44),(567,'Nueva Concepción',44),(568,'Huehuetenango',45),(569,'Chiantla',45),(570,'Malacatancito',45),(571,'Cuilco',45),(572,'Nentón',45),(573,'San Pedro Necta',45),(574,'Jacaltenango',45),(575,'San Pedro Soloma',45),(576,'San Ildelfonso Ixtahuac´n ',45),(577,'Santa Bárbara',45),(578,'La Libertad',45),(579,'La Democracia',45),(580,'San Miguel Acatán',45),(581,'San Rafael La Independencia',45),(582,'Todos Santos Chuchcumatán',45),(583,'San Juan Atitán',45),(584,'Santa Eulalia',45),(585,'San Mateo Ixtatán',45),(586,'Colotenango',45),(587,'San Sebastián Huehuetenango ',45),(588,'Tectitán',45),(589,'Concepción Huista',45),(590,'San Juan Ixcoy',45),(591,'San Antonio Huista ',45),(592,'San Sebastián Coatán',45),(593,'Santa Cruz Barillas',45),(594,'Aguacatán',45),(595,'San Rafael Petzal',45),(596,'San Gaspar Ixchil',45),(597,'Santiago Chimaltenango',45),(598,'Santa Ana Huista',45),(599,'Puerto Barrios',46),(600,'Livingston',46),(601,'El Estor',46),(602,'Morales',46),(603,'Los Amates',46),(604,'Jalapa',47),(605,'San Pedro Pinula',47),(606,'San Luis Jilotepeque',47),(607,'San Manuel Chaparrón',47),(608,'San Carlos Alzatate',47),(609,'Monjas',47),(610,'Mataquescuintla',47),(611,'Jutiapa',48),(612,'El Progreso',48),(613,'Santa Catarina Mita',48),(614,'Agua Blanca',48),(615,'Asunción Mita',48),(616,'Yupiltepeque',48),(617,'Atescatempa',48),(618,'Jerez',48),(619,'El Adelanto',48),(620,'Zapotitlán',48),(621,'Comapa',48),(622,'Jalpatagua',48),(623,'Conguaco',48),(624,'Moyuta',48),(625,'Pasaco',48),(626,'San José Acatempa',48),(627,'Quezada',48),(628,'Flores',49),(629,'San José',49),(630,'San Benito',49),(631,'San Andrés',49),(632,'La Libertad',49),(633,'San Francisco',49),(634,'Santa Ana',49),(635,'Dolores',49),(636,'San Luis',49),(637,'Sayaxche',49),(638,'Melchor de Mencos',49),(639,'Poptún',49),(640,'Quetzaltenango',50),(641,'Salcajá',50),(642,'Olintepeque',50),(643,'San Carlos Sija',50),(644,'Sibilia',50),(645,'Cabrican',50),(646,'Cajola',50),(647,'San Miguel Siguilça',50),(648,'San Juan Ostuncalco',50),(649,'San Mateo',50),(650,'Concepción Chiquirichapa',50),(651,'San Martín Sacatepequez',50),(652,'Almolonga',50),(653,'Cantel',50),(654,'Huitán',50),(655,'Zunil',50),(656,'Colomba',50),(657,'San Francisco La Unión',50),(658,'El Palmar',50),(659,'Coatepeque',50),(660,'Génova',50),(661,'Flores Costa Cuca',50),(662,'La Esperanza',50),(663,'Palestina de los Altos',50),(664,'Retalhuleu',51),(665,'San Sebastián',51),(666,'Santa Cruz Mulúa',51),(667,'San Martín Zapotitlán',51),(668,'San Felipe Retalhuleu',51),(669,'San Andrés Villa Seca',51),(670,'Champerico',51),(671,'Nuevo San Carlos',51),(672,'El Asintal',51),(673,'Antigua Guatemala',52),(674,'Jocotenango',52),(675,'Pastores',52),(676,'Sumpango',52),(677,'Santo Domingo Xenacoj',52),(678,'Santiago Sacatepequez',52),(679,'San Bartolomé Milpas Altas',52),(680,'San Lucas Sacatepequez',52),(681,'Santa Lucía Milpas Altas',52),(682,'Magdalena Milpas Altas',52),(683,'Santa María de Jesús ',52),(684,'Ciudad Vieja',52),(685,'San Miguel Dueñas',52),(686,'San Juan Alotenango',52),(687,'San Antonio Aguas Calientes',52),(688,'Santa Catarina Barahona',52),(689,'Cuilapa',53),(690,'Berberena',53),(691,'San Rosa de Lima',53),(692,'Casillas',53),(693,'San Rafael Las Flores',53),(694,'Oratorio',53),(695,'San Juan TEcuaco',53),(696,'Chiquimulilla',53),(697,'Taxisco',53),(698,'Santa María Ixhuatan',53),(699,'Guazacapán',53),(700,'Santa Cruz Naranjo',53),(701,'Pueblo Nuevo Viñas ',53),(702,'Nueva Santa Rosa',53),(703,'Sololá',54),(704,'San José Chacaya',54),(705,'Santa María Visitación',54),(706,'Santa Lucía Utatlán',54),(707,'Nahualá',54),(708,'Santa Catarina Ixtahuacán',54),(709,'Santa Clara La Laguna',54),(710,'Concepción',54),(711,'San Andrés Semetabaj',54),(712,'Panajachel',54),(713,'Santa Catarina Palopó ',54),(714,'San Antonio Palopó',54),(715,'San Lucas Tolimán',54),(716,'Santa Cruz La Laguna',54),(717,'Sna Pablo La Laguna',54),(718,'San Marcos La Laguna',54),(719,'San Juan La Laguna',54),(720,'San Pedro La Laguna',54),(721,'Santiago Atitlán',54),(722,'Mazatenango',55),(723,'Cuyotenango',55),(724,'San Francisco Zapotitlán',55),(725,'San Bernardino',55),(726,'San José El Ídolo',55),(727,'Santo Domingo Suchitepequez',55),(728,'San Lorenzo',55),(729,'Samayac',55),(730,'San Pablo Jocopilas',55),(731,'San Antonio Suchitepéquez',55),(732,'San Miguel Panán',55),(733,'San Gabriel',55),(734,'Chicacao',55),(735,'Patulul',55),(736,'Santa Bárbara',55),(737,'San Juan Bautista',55),(738,'Santo Tomás La Unión',55),(739,'Zunilito',55),(740,'Pueblo Nuevo Suchitepéquez',55),(741,'Río Bravo',55),(742,'Totonicapán',56),(743,'San Cristóbal Totonicapán',56),(744,'San Francisco El Alto',56),(745,'San Andrés Xecul',56),(746,'Momostenango',56),(747,'Santa María Chiquimula',56),(748,'Santa Lucía La Reforma',56),(749,'San Bartolo Aguas Calientes',56),(750,'Zacapa',57),(751,'Estanzuela',57),(752,'Río Hondo',57),(753,'gualán',57),(754,'Teculután',57),(755,'Usumatlán',57),(756,'Cabañas',57),(757,'San Diego',57),(758,'La Unión',57),(759,'Huite',57),(760,'San Marcos',58),(761,'San Pedro Sacatepéquez',58),(762,'Comitancillo',58),(763,'San Antonio Sacatepéquez',58),(764,'San Miguel Ixtahuacan',58),(765,'Concepción Tutuapa',58),(766,'Tacaná',58),(767,'Sibinal',58),(768,'Tajumulco',58),(769,'Tejutla',58),(770,'San Rafael Pié de la Cuesta',58),(771,'Nuevo Progreso ',58),(772,'El Tumbador',58),(773,'San José El Rodeo',58),(774,'Malacatán',58),(775,'Catarina',58),(776,'Ayutla',58),(777,'Ocos',58),(778,'San Pablo',58),(779,'El Quetzal',58),(780,'La Reforma',58),(781,'Pajapita',58),(782,'Ixchiguan',58),(783,'San José Ojetenán',58),(784,'San Cristóbal Cucho',58),(785,'Sipacapa',58),(786,'Esquipulas Palo Gordo',58),(787,'Río Blanco',58),(788,'San Lorenzo',58),(789,'San Salvador',59),(790,'San Marcos',59),(791,'San Pedro Sacatepéquez',59),(792,'Comitancillo',59),(793,'San Antonio Sacatepéquez',59),(794,'San Miguel Ixtahuacan',59),(795,'Concepción Tutuapa',59),(796,'Tacaná',59),(797,'Sibinal',59),(798,'Tajumulco',59),(799,'Tejutla',59),(800,'San Rafael Pié de la Cuesta',59),(801,'Nuevo Progreso ',59),(802,'El Tumbador',59),(803,'San José El Rodeo',59),(804,'Malacatán',59),(805,'Catarina',59),(806,'Ayutla',59),(807,'Ocos',59),(808,'San Pablo',59),(809,'El Quetzal',59),(810,'La Reforma',59),(811,'Pajapita',59),(812,'Ixchiguan',59),(813,'San José Ojetenán',59),(814,'San Cristóbal Cucho',59),(815,'Sipacapa',59),(816,'Esquipulas Palo Gordo',59),(817,'Río Blanco',59),(818,'San Lorenzo',60),(819,'Ahuachapán',60),(820,'Atiquizaya',60),(821,'San Francisco Menéndez',60),(822,'Tacuba',60),(823,'Concepción de Ataco',60),(824,'Jujutla',60),(825,'Guaymango',60),(826,'Apaneca',60),(827,'San Pedro Puxtla',60),(828,'San Lorenzo',60),(829,'Turín',60),(830,'El Refugio',61),(831,'Sensuntepeque',61),(832,'Ilobasco',61),(833,'Victoria',61),(834,'San Isidro',61),(835,'Jutiapa',61),(836,'Tejutepeque',61),(837,'Dolores',61),(838,'Cinquera',61),(839,'Guacotecti',62),(840,'Cojutepeque',62),(841,'Suchitoto',62),(842,'San Pedro Perulapán',62),(843,'San José Guayabal',62),(844,'Tenancingo',62),(845,'San Rafael Cedros',62),(846,'Candelaria',62),(847,'El Carmen',62),(848,'Monte San Juan',62),(849,'San Cristóbla',62),(850,'Santa Cruz Michapa',62),(851,'San Bartolomé Perulapía',62),(852,'San Ramón',62),(853,'El Rosario',62),(854,'Oratorio de Concepción',62),(855,'Santa Cruz Analquito',63),(856,'Chalatenango',63),(857,'Nueva Concepción',63),(858,'La Palma',63),(859,'Tejutla',63),(860,'La Reina',63),(861,'Arcatao',63),(862,'San Ignacio',63),(863,'Dulce Nombre de María',63),(864,'Citalá',63),(865,'Agua Caliente',63),(866,'Concepción Quezaltepeque',63),(867,'Nueva Trinidad',63),(868,'Las Vueltas',63),(869,'Comalapa',63),(870,'San Rafael',63),(871,'San José Las Flores',63),(872,'Ojos de Agua',63),(873,'Nombre de Jesús',63),(874,'Potonico',63),(875,'San Francisco Morazán',63),(876,'Santa Rita',63),(877,'La Laguna',63),(878,'San Isidro Labrador',63),(879,'San Antonio de La Cruz',63),(880,'El Paraíso',63),(881,'San Miguel de Mercedes',63),(882,'San Luis del Carmen',63),(883,'San José Cancasque',63),(884,'San Antonio Los Ranchos',63),(885,'El Carrizal',63),(886,'San Fernando',63),(887,'Azacualpa',63),(888,'San Francisco Lempa',64),(889,'Nueva San Salvador',64),(890,'Quezaltepeque',64),(891,'Ciudad Arce',64),(892,'San Juan Opico',64),(893,'Colón',64),(894,'Puerto de la Libertad',64),(895,'Antiguo Cuscatlán',64),(896,'Comasagua',64),(897,'San Pablo Tacachico',64),(898,'Jayaque',64),(899,'Huizucar',64),(900,'Tepecoyo',64),(901,'Teotepeque',64),(902,'Chiltiupán',64),(903,'Nuevo Cuscatlán',64),(904,'Tamanique',64),(905,'Sacacoyo',64),(906,'San José Villa Nueva',64),(907,'Zaragoza',64),(908,'Talnique',64),(909,'San Matías',64),(910,'Jicalapa',65),(911,'Zacatecoluca',65),(912,'Santiago Nonualco',65),(913,'San Juan Nonualco',65),(914,'San Pedro Masahuat',65),(915,'Olocuilta',65),(916,'San Pedro Nonualco',65),(917,'San Francisco Chinameca',65),(918,'San Juan Talpa',65),(919,'El Rosario',65),(920,'San Rafael Obrajuelo',65),(921,'Santa María Ostuma',65),(922,'San Luis Talpa',65),(923,'San Antonio Masahuat',65),(924,'San Miguel Tepezontes',65),(925,'San Juan Tepezontes',65),(926,'Tapalhuaca',65),(927,'Cuyultitán',65),(928,'Paraíso de Osorio',65),(929,'San Emigdio',65),(930,'Jerusalén',65),(931,'Mercedes La Ceiba',65),(932,'San Luis La Herradura',66),(933,'La Unión',66),(934,'Santa Rosa de Lima',66),(935,'Pasaquina',66),(936,'San Alejo',66),(937,'Anamorós',66),(938,'El Carmen',66),(939,'Conchagua',66),(940,'El Sauce',66),(941,'Lislique',66),(942,'Yucuayquín',66),(943,'Nueva Esparta',66),(944,'Polorós',66),(945,'Bolívar',66),(946,'Concepción de Oriente',66),(947,'Intipucá',66),(948,'San José La Fuente',66),(949,'Yayantique',66),(950,'Meanguera del Golfo',67),(951,'San Francisco Gotera',67),(952,'Jocoro',67),(953,'Corinto',67),(954,'Sociedad',67),(955,'Cacaopera',67),(956,'Guatajiagüa',67),(957,'El Divisadero',67),(958,'Jocoaitique',67),(959,'Osicala',67),(960,'Chilanga',67),(961,'Meanguera',67),(962,'Torola',67),(963,'San Simón',67),(964,'Delicias de Concepción',67),(965,'Joateca',67),(966,'Arambala',67),(967,'Lolotiquillo',67),(968,'Yamabal',67),(969,'Yoloaiquín',67),(970,'San Carlos',67),(971,'El Rosario',67),(972,'Perquín',67),(973,'Sensembra',67),(974,'Gualococti',67),(975,'San Fernando',67),(976,'San Isidro',68),(977,'San Miguel',68),(978,'Chinameca',68),(979,'El Tránsito',68),(980,'Ciudad Barrios',68),(981,'Chirilagua',68),(982,'Sesori',68),(983,'San Rafael Oriente',68),(984,'Moncagua',68),(985,'Lolotique',68),(986,'San Jorge',68),(987,'Chapeltique',68),(988,'San Gerardo',68),(989,'Carolina',68),(990,'Quelepa',68),(991,'San Luis de La Reina',68),(992,'Nuevo Edén de San Juan',68),(993,'Nueva Guadalupe',68),(994,'Uluazapa',68),(995,'Comacarán',68),(996,'San Antonio del Mosco',69),(997,'Santa Ana',69),(998,'Chalchuapa',69),(999,'Metapán',69),(1000,'Coatepeque',69),(1001,'El Congo',69),(1002,'Texistepeque',69),(1003,'Candelaria la Frontera',69),(1004,'San Sebastián Salitrillo',69),(1005,'Santa Rosa Guachipilín ',69),(1006,'Santiago de la Frontera',69),(1007,'El Porvenir',69),(1008,'Masahuat',69),(1009,'San Antonio Pajonal',70),(1010,'San Vicente',70),(1011,'Tecoluca',70),(1012,'San Sebastián',70),(1013,'Apastepeque',70),(1014,'San Esteban Catarina',70),(1015,'San Ildefonso',70),(1016,'Santa Clara',70),(1017,'San Lorenzo',70),(1018,'Verapaz',70),(1019,'Guadalupe',70),(1020,'Santo Domingo',70),(1021,'San Cayetano Istepeque',70),(1022,'Nuevo Tepetitán',71),(1023,'Sonsonate',71),(1024,'Izalco',71),(1025,'Acajutla',71),(1026,'Armenia',71),(1027,'Nahuizalco',71),(1028,'Juayúa',71),(1029,'San Julián',71),(1030,'Sonzacate',71),(1031,'San Antonio del Monte',71),(1032,'Nahulingo',71),(1033,'Cuisnahuat',71),(1034,'Santa Catarina Masahuat',71),(1035,'Caluco',71),(1036,'Santa Isabel Ishuatán',71),(1037,'Salcoatitán',71),(1038,'Santo Domingo de Guzmán',72),(1039,'Usulután',72),(1040,'Jiquilisco',72),(1041,'Berlín',72),(1042,'Santiago de María',72),(1043,'Jucuapa',72),(1044,'Santa Elena',72),(1045,'Jucuarán',72),(1046,'San Agustín',72),(1047,'Ozatlán',72),(1048,'Estanzuelas',72),(1049,'Mercedes Umaña',72),(1050,'Alegría',72),(1051,'Concepción Batres',72),(1052,'San Francisco Javier',72),(1053,'Puerto El Triunfo',72),(1054,'Tecapán',72),(1055,'San Dionisio',72),(1056,'Ereguayquín',72),(1057,'Santa María',72),(1058,'Nueva Granada',72),(1059,'El Triunfo',72),(1060,'San Buenaventura',72),(1061,'California',72),(1062,'San Francisco Libre',73),(1063,'Tipitapa',73),(1064,'Managua',73),(1065,'San Rafael del Sur',73),(1066,'Villa Carlos Fonseca',73),(1067,'El Crucero',73),(1068,'Mateare',73),(1069,'Ciudad Sandino',73),(1070,'Ticuantepe',73),(1071,'Teustepe',74),(1072,'San José de los Remates',74),(1073,'Santa Lucía',74),(1074,'Boaco',74),(1075,'Camoapa',74),(1076,'San Lorenzo ',74),(1077,'San Marcos',75),(1078,'Diriamba',75),(1079,'Dolores',75),(1080,'Jinotepe',75),(1081,'El Rosario',75),(1082,'La Paz',75),(1083,'Santa Teresa',75),(1084,'La Conquista',75),(1085,'El Viejo',76),(1086,'Puerto Morazán',76),(1087,'Somotillo',76),(1088,'Santo Tomás del Norte',76),(1089,'Cinco Pinos',76),(1090,'San Pedro del Norte',76),(1091,'San Francisco del Norte',76),(1092,'Corinto',76),(1093,'Villanueva',76),(1094,'Chinandega',76),(1095,'Posoltega',76),(1096,'Chichigalpa',76),(1097,'El Realejo',76),(1098,'Comalapa',77),(1099,'Juigalpa',77),(1100,'La Libertad',77),(1101,'Santo Domingo',77),(1102,'San Pedro de Lovago',77),(1103,'Santo Tomás',77),(1104,'El Rama',77),(1105,'Villa Sandino',77),(1106,'Acoyapa',77),(1107,'Cuapa',77),(1108,'El Coral',77),(1109,'Mueye de los Bueyes',77),(1110,'Nueva Guinea',77),(1111,'El Ayote',77),(1112,'Pueblo Nuevo',78),(1113,'Condega',78),(1114,'San Juan de Limay',78),(1115,'Estelí',78),(1116,'La Trinidad',78),(1117,'San Nicolás',78),(1118,'Granada',79),(1119,'Diriomo',79),(1120,'Diriá',79),(1121,'Nandaime',79),(1122,'La Concordia',80),(1123,'San Sebastián de Yalí',80),(1124,'San Rafael del Norte',80),(1125,'Jinotega',80),(1126,'Santa María de Pantasma',80),(1127,'Cuá Bocay',80),(1128,'Wiwilí',80),(1129,'Achuapa',81),(1130,'El Sauce',81),(1131,'Santa Rosa del Peñón',81),(1132,'El Jicaral',81),(1133,'Larreynaga-Malpaisillo',81),(1134,'Telica',81),(1135,'Quezalguaque',81),(1136,'León',81),(1137,'La Paz Centro',81),(1138,'Nagarote',81),(1139,'San José de Cusmapa',82),(1140,'Las Sabanas',82),(1141,'San Lucas',82),(1142,'Somoto',82),(1143,'Totogalpa',82),(1144,'Yalaguina',82),(1145,'Palacaguina',82),(1146,'Telpaneca',82),(1147,'San Juan de Río Coco',82),(1148,'Tisma',83),(1149,'Masaya',83),(1150,'Nindirí',83),(1151,'La Concepción',83),(1152,'Masatepe',83),(1153,'Nandasmo',83),(1154,'Niquinohomo',83),(1155,'Catarina',83),(1156,'San Juan de Oriente',83),(1157,'Matagalpa',84),(1158,'Sébaco',84),(1159,'San Isidro',84),(1160,'Ciudad Darío',84),(1161,'Terrabona',84),(1162,'San Dionisio',84),(1163,'Esquipulas',84),(1164,'Muy-Muy',84),(1165,'San Ramón',84),(1166,'Matiguás',84),(1167,'Río Blanco',84),(1168,'Rancho Grande',84),(1169,'Tuma La Dalia',84),(1170,'Santa María',85),(1171,'Macuelizo',85),(1172,'Dipilto',85),(1173,'Ocotal',85),(1174,'Mozonte',85),(1175,'San Fernando',85),(1176,'Jalapa',85),(1177,'Murra',85),(1178,'Wiwili',85),(1179,'El Jícaro',85),(1180,'Ciudad Antigua',85),(1181,'Quilali',85),(1182,'Morrito',86),(1183,'El Almendro',86),(1184,'San Miguelito',86),(1185,'San Carlos',86),(1186,'El Castillo',86),(1187,'San Juan del Norte',86),(1188,'Tola',87),(1189,'Belén',87),(1190,'Potosí',87),(1191,'Buenos Aires',87),(1192,'San Jorge',87),(1193,'Rivas',87),(1194,'San Juan del Sur',87),(1195,'Cardenas',87),(1196,'Moyogalpa',87),(1197,'Altagracia',87),(1198,'Waslala',88),(1199,'Waspan',88),(1200,'Puerto Cabezas',88),(1201,'Prinzapolka',88),(1202,'Bonanza',88),(1203,'Siuna',88),(1204,'Rosita ',88),(1205,'Bocana de Paiwas',89),(1206,'La Cruz de Río Grande',89),(1207,'Kukra Hill',89),(1208,'Laguna de Perlas',89),(1209,'Bluefields',89),(1210,'Corn Island',89),(1211,'El Tortuguero',89),(1212,'Desembocadura Río Grande',89),(1213,'Alvaro Obregón',98),(1214,'Azcapotzalco',98),(1215,'Benito Juárez',98),(1216,'Coyoacán',98),(1217,'Cuajimalpa',98),(1218,'Cuauhtémoc',98),(1219,'Gustavo A. Madero',98),(1220,'Iztacalco',98),(1221,'Iztapalapa',98),(1222,'Magdalena Contreras',98),(1223,'Miguel Hidalgo',98),(1224,'Milpa Alta',98),(1225,'Tláhuac',98),(1226,'Tlalpan',98),(1227,'Venustiano Carranza',98),(1228,'Xochimilco',98),(1229,'Aguascalientes',90),(1230,'Asientos',90),(1231,'Calvillo',90),(1232,'Cosío',90),(1233,'Jesus María',90),(1234,'Pabellón de Arteaga',90),(1235,'Rincón de Romos',90),(1236,'San José de Gracia',90),(1237,'Tepezalá',90),(1238,'El Llano',90),(1239,'San Francisco de los Romo',90),(1240,'Ensenada',91),(1241,'Mexicali',91),(1242,'Tecate',91),(1243,'Tijuana',91),(1244,'Playas de Rosarito',91),(1245,'Comundú',92),(1246,'Mulegé',92),(1247,'La Paz',92),(1248,'Los Cabos',92),(1249,'Loreto',92),(1250,'Calkiní',93),(1251,'Campeche',93),(1252,'Carmen',93),(1253,'Champotón',93),(1254,'Hecelchakán',93),(1255,'Hopelchén',93),(1256,'Palizada',93),(1257,'Tenabo',93),(1258,'Escárcega',93),(1259,'Calakmul',93),(1260,'La Paz',93),(1261,'Candelaria',93),(1262,'Acacoyagua',94),(1263,'Acala',94),(1264,'Acapetahua',94),(1265,'Altamirano',94),(1266,'Amatán',94),(1267,'Amatenango de la Frontera',94),(1268,'Amatenango del Valle',94),(1269,'Angel Albino Corzo',94),(1270,'Arriaga',94),(1271,'Bejucal de Ocampo',94),(1272,'Bella Vista',94),(1273,'Berriozábal',94),(1274,'Bochil',94),(1275,'El Bosque',94),(1276,'Cacahoatán',94),(1277,'Catazajá',94),(1278,'Cintalapa',94),(1279,'Coapilla',94),(1280,'Comitán de Domínguez',94),(1281,'La Concordia',94),(1282,'Copainalá',94),(1283,'Chalchihuitán',94),(1284,'Chamula',94),(1285,'Chanal',94),(1286,'Chapultenango',94),(1287,'Chenalhó',94),(1288,'Chiapa de Corzo',94),(1289,'Chiapilla',94),(1290,'Chicoasén',94),(1291,'Chicomuselo',94),(1292,'Chilón',94),(1293,'Escuintla',94),(1294,'Francisco León',94),(1295,'Frontera Comalapa',94),(1296,'Frontera Hidalgo',94),(1297,'La Grandeza',94),(1298,'Huehuetán',94),(1299,'Huixtán',94),(1300,'Huitiupán',94),(1301,'Huixtla',94),(1302,'La Independencia',94),(1303,'Ixhuatán',94),(1304,'Ixtacomitán',94),(1305,'Ixtapa',94),(1306,'Ixtapangajoya',94),(1307,'Jiquipilas',94),(1308,'Jitotol',94),(1309,'Juárez',94),(1310,'Larráinzar',94),(1311,'La Libertad',94),(1312,'Mapastepec',94),(1313,'Las Margaritas',94),(1314,'Mazapa de Madero',94),(1315,'Mazatán',94),(1316,'Metapa',94),(1317,'Mitontic',94),(1318,'Motozintla',94),(1319,'Nicolás Ruíz',94),(1320,'Ocosingo',94),(1321,'Ocotepec',94),(1322,'Ocozocoautla de Espinosa',94),(1323,'Ostuacán',94),(1324,'Osumacinta',94),(1325,'Oxchuc',94),(1326,'Palenque',94),(1327,'Pantelhó',94),(1328,'Pantepec',94),(1329,'Pichucalco',94),(1330,'Pijijiapan',94),(1331,'El Porvenir',94),(1332,'Villa Comaltitlán',94),(1333,'Pueblo Nuevo Solistahuacán',94),(1334,'Rayón',94),(1335,'Reforma',94),(1336,'Las Rosas',94),(1337,'Sabanilla',94),(1338,'Salto de Agua',94),(1339,'San Cristóbal de las Casas',94),(1340,'San Fernando',94),(1341,'Siltepec',94),(1342,'Simojovel',94),(1343,'Sitalá',94),(1344,'Socoltenango',94),(1345,'Solosuchiapa',94),(1346,'Soyaló',94),(1347,'Suchiapa',94),(1348,'Suchiate',94),(1349,'Sunuapa',94),(1350,'Tapachula',94),(1351,'Tapalapa',94),(1352,'Tapilula',94),(1353,'Tecpatán',94),(1354,'Tenejapa',94),(1355,'Teopisca',94),(1356,'Tila',94),(1357,'Tonalá',94),(1358,'Totolapa',94),(1359,'La Trinitaria',94),(1360,'Tumbalá',94),(1361,'Tuxtla Gutiérrez',94),(1362,'Tuxtla Chico',94),(1363,'Tuzantán',94),(1364,'Tzimol',93),(1365,'Unión Juárez',94),(1366,'Venustiano Carranza',94),(1367,'Villa Corzo',94),(1368,'Villaflores',94),(1369,'Yajalón',94),(1370,'San Lucas',94),(1371,'Zinacantán',94),(1372,'San Juan Cancuc',94),(1373,'Aldama',94),(1374,'Benemérito de las Américas',94),(1375,'Maravilla Tenejapa',94),(1376,'Marqués de Comillas',94),(1377,'Montecristo de Guerrero',94),(1378,'San Andrés Duraznal',94),(1379,'Santiago el Pinar',94),(1380,'Ahumada',95),(1381,'Aldama',95),(1382,'Allende',95),(1383,'Aquiles Serdán',95),(1384,'Ascensión',95),(1385,'Bachíniva',95),(1386,'Balleza',95),(1387,'Batopilas',95),(1388,'Bocoyna',95),(1389,'Buenaventura',95),(1390,'Camargo',95),(1391,'Carichí',95),(1392,'Casas Grandes',95),(1393,'Coronado',95),(1394,'Coyame del Sotol',95),(1395,'La Cruz',95),(1396,'Cuauhtémoc',95),(1397,'Cusihuiriachi',95),(1398,'Chihuahua',95),(1399,'Chínipas',95),(1400,'Delicias',95),(1401,'Dr. Belisario Domínguez',95),(1402,'Galeana',95),(1403,'Santa Isabel',95),(1404,'Gómez Farías',95),(1405,'Gran Morelos',95),(1406,'Guachochi',95),(1407,'Guadalupe',95),(1408,'Guadalupe y Calvo',95),(1409,'Guazapares',95),(1410,'Guerrero',95),(1411,'Hidalgo del Parral',95),(1412,'Huejotitán',95),(1413,'Ignacio Zaragoza',95),(1414,'Janos',95),(1415,'Jiménez',95),(1416,'Juárez',95),(1417,'Julimes',95),(1418,'López',95),(1419,'Madera',95),(1420,'Maguarichi',95),(1421,'Manuel Benavides',95),(1422,'Matachí',95),(1423,'Matamoros',95),(1424,'Meoqui',95),(1425,'Morelos',95),(1426,'Moris',95),(1427,'Namiquipa',95),(1428,'Nonoava',95),(1429,'Nuevo Casas Grandes',95),(1430,'Ocampo',95),(1431,'Ojinaga',95),(1432,'Praxedis G. Guerrero',95),(1433,'Riva Palacio',95),(1434,'Rosales',95),(1435,'Rosario',95),(1436,'San Francisco de Borja',95),(1437,'San Francisco de Conchos',95),(1438,'San Francisco del Oro',95),(1439,'Santa Bárbara',95),(1440,'Satevó',95),(1441,'Saucillo',95),(1442,'Temósachic',95),(1443,'El Tule',95),(1444,'Urique',95),(1445,'Uruachi',95),(1446,'Valle de Zaragoza',95),(1447,'Abasolo',96),(1448,'Acuña',96),(1449,'Allende',96),(1450,'Arteaga',96),(1451,'Candela',96),(1452,'Castaños',96),(1453,'Cuatro Ciénegas',96),(1454,'Escobedo',96),(1455,'Francisco I. Madero',96),(1456,'Frontera',96),(1457,'General Cepeda',96),(1458,'Guerrero',96),(1459,'Hidalgo',96),(1460,'Jiménez',96),(1461,'Juárez',96),(1462,'Lamadrid',96),(1463,'Matamoros',96),(1464,'Monclova',96),(1465,'Morelos',96),(1466,'Múzquiz',96),(1467,'Nadadores',96),(1468,'Nava',96),(1469,'Ocampo',96),(1470,'Parras',96),(1471,'Piedras Negras',96),(1472,'Progreso',96),(1473,'Ramos Arizpe',96),(1474,'Sabinas',96),(1475,'Sacramento',96),(1476,'Saltillo',96),(1477,'San Buenaventura',96),(1478,'San Juan de Sabinas',96),(1479,'San Pedro',96),(1480,'Sierra Mojada',96),(1481,'Torreón',96),(1482,'Viesca',96),(1483,'Villa Unión',96),(1484,'Zaragoza',96),(1485,'Armería',97),(1486,'Colima',97),(1487,'Comala',97),(1488,'Coquimatlán',97),(1489,'Cuauhtémoc',97),(1490,'Ixtlahuacán',97),(1491,'Manzanillo',97),(1492,'Minatitlán',97),(1493,'Tecomán',97),(1494,'Villa de Álvarez',97),(1495,'Canatlán',99),(1496,'Canelas',99),(1497,'Coneto de Comonfort',99),(1498,'Cuencamé',99),(1499,'Durango',99),(1500,'General Simón Bolívar',99),(1501,'Gómez Palacio',99),(1502,'Guadalupe Victoria',99),(1503,'Guanaceví',99),(1504,'Hidalgo',99),(1505,'Indé',99),(1506,'Lerdo',99),(1507,'Mapimí',99),(1508,'Mezquital',99),(1509,'Nazas',99),(1510,'Nombre de Dios',99),(1511,'Ocampo',99),(1512,'El Oro',99),(1513,'Otáez',99),(1514,'Pánuco de Coronado',99),(1515,'Peñón Blanco',99),(1516,'Poanas',99),(1517,'Pueblo Nuevo',99),(1518,'Rodeo',99),(1519,'San Bernardo',99),(1520,'San Dimas',99),(1521,'San Juan de Guadalupe',99),(1522,'San Juan del Río',99),(1523,'San Luis del Cordero',99),(1524,'San Pedro del Gallo',99),(1525,'Santa Clara',99),(1526,'Santiago Papasquiaro',99),(1527,'Súchil',99),(1528,'Tamazula',99),(1529,'Tepehuanes',99),(1530,'Tlahualilo',99),(1531,'Topia',99),(1532,'Vicente Guerrero',99),(1533,'Nuevo Ideal',99),(1534,'Abasolo',100),(1535,'Acámbaro',100),(1536,'San Miguel de Allende',100),(1537,'Apaseo el Alto',100),(1538,'Apaseo el Grande',100),(1539,'Atarjea',100),(1540,'Celaya',100),(1541,'Manuel Doblado',100),(1542,'Comonfort',100),(1543,'Coroneo',100),(1544,'Cortazar',100),(1545,'Cuerámaro',100),(1546,'Doctor Mora',100),(1547,'Dolores Hidalgo Cuna de la Independencia Nacional',100),(1548,'Guanajuato',100),(1549,'Huanímaro',100),(1550,'Irapuato',100),(1551,'Jaral del Progreso',100),(1552,'Jerécuaro',100),(1553,'León',100),(1554,'Moroleón',100),(1555,'Ocampo',100),(1556,'Pénjamo',100),(1557,'Pueblo Nuevo',100),(1558,'Purísima del Rincón',100),(1559,'Romita',100),(1560,'Salamanca',100),(1561,'Salvatierra',100),(1562,'San Diego de la Unión',100),(1563,'San Felipe',100),(1564,'San Francisco del Rincón',100),(1565,'San José Iturbide',100),(1566,'San Luis de la Paz',100),(1567,'Santa Catarina',100),(1568,'Santa Cruz de Juventino Rosas',100),(1569,'Santiago Maravatío',100),(1570,'Silao',100),(1571,'Tarandacuao',100),(1572,'Tarimoro',100),(1573,'Tierra Blanca',100),(1574,'Uriangato',100),(1575,'Valle de Santiago',100),(1576,'Victoria',100),(1577,'Villagrán',100),(1578,'Xichú',100),(1579,'Yuriria',100),(1580,'Acapulco de Juárez',101),(1581,'Ahuacuotzingo',101),(1582,'Ajuchitlán del Progreso',101),(1583,'Alcozauca de Guerrero',101),(1584,'Alpoyeca',101),(1585,'Apaxtla',101),(1586,'Arcelia',101),(1587,'Atenango del Río',101),(1588,'Atlamajalcingo del Monte',101),(1589,'Atlixtac',101),(1590,'Atoyac de Álvarez',101),(1591,'Ayutla de los Libres',101),(1592,'Azoyú',101),(1593,'Benito Juárez',101),(1594,'Buenavista de Cuéllar',101),(1595,'Coahuayutla de José María Izazaga',101),(1596,'Cocula',101),(1597,'Copala',101),(1598,'Copalillo',101),(1599,'Copanatoyac',101),(1600,'Coyuca de Benítez',101),(1601,'Coyuca de Catalán',101),(1602,'Cuajinicuilapa',101),(1603,'Cualác',101),(1604,'Cuautepec',101),(1605,'Cuetzala del Progreso',101),(1606,'Cutzamala de Pinzón',101),(1607,'Chilapa de Álvarez',101),(1608,'Chilpancingo de los Bravo',101),(1609,'Florencio Villarreal',101),(1610,'General Canuto A. Neri',101),(1611,'General Heliodoro Castillo',101),(1612,'Huamuxtitlán',101),(1613,'Huitzuco de los Figueroa',101),(1614,'Iguala de la Independencia',101),(1615,'Igualapa',101),(1616,'Ixcateopan de Cuauhtémoc',101),(1617,'Zihuatanejo de Azueta',101),(1618,'Juan R. Escudero',101),(1619,'Leonardo Bravo',101),(1620,'Malinaltepec',101),(1621,'Mártir de Cuilapan',101),(1622,'Metlatónoc',101),(1623,'Mochitlán',101),(1624,'Olinalá',101),(1625,'Ometepec',101),(1626,'Pedro Ascencio Alquisiras',101),(1627,'Petatlán',101),(1628,'Pilcaya',101),(1629,'Pungarabato',101),(1630,'Quechultenango',101),(1631,'San Luis Acatlán',101),(1632,'San Marcos',101),(1633,'San Miguel Totolapan',101),(1634,'Taxco de Alarcón',101),(1635,'Tecoanapa',101),(1636,'Técpan de Galeana',101),(1637,'Teloloapan',101),(1638,'Tepecoacuilco de Trujano',101),(1639,'Tetipac',101),(1640,'Tixtla de Guerrero',101),(1641,'Tlacoachistlahuaca',101),(1642,'Tlacoapa',101),(1643,'Tlalchapa',101),(1644,'Tlalixtaquilla de Maldonado',101),(1645,'Tlapa de Comonfort',101),(1646,'Tlapehuala',101),(1647,'La Unión de Isidoro Montes de Oca',101),(1648,'Xalpatláhuac',101),(1649,'Xochihuehuetlán',101),(1650,'Xochistlahuaca',101),(1651,'Zapotitlán Tablas',101),(1652,'Zirándaro',101),(1653,'Zitlala',101),(1654,'Eduardo Neri',101),(1655,'Acatepec',101),(1656,'Marquelia',101),(1657,'Cochoapa el Grande',101),(1658,'José Joaquín de Herrera',101),(1659,'Juchitán',101),(1660,'Iliatenco',101),(1661,'Acatlán',102),(1662,'Acaxochitlán',102),(1663,'Actopan',102),(1664,'Agua Blanca de Iturbide',102),(1665,'Ajacuba',102),(1666,'Alfajayucan',102),(1667,'Almoloya',102),(1668,'Apan',102),(1669,'El Arenal',102),(1670,'Atitalaquia',102),(1671,'Atlapexco',102),(1672,'Atotonilco el Grande',102),(1673,'Atotonilco de Tula',102),(1674,'Calnali',102),(1675,'Cardonal',102),(1676,'Cuautepec de Hinojosa',102),(1677,'Chapantongo',102),(1678,'Chapulhuacán',102),(1679,'Chilcuautla',102),(1680,'Eloxochitlán',102),(1681,'Emiliano Zapata',102),(1682,'Epazoyucan',102),(1683,'Francisco I. Madero',102),(1684,'Huasca de Ocampo',102),(1685,'Huautla',102),(1686,'Huazalingo',102),(1687,'Huehuetla',102),(1688,'Huejutla de Reyes',102),(1689,'Huichapan',102),(1690,'Ixmiquilpan',102),(1691,'Jacala de Ledezma',102),(1692,'Jaltocán',102),(1693,'Juárez Hidalgo',102),(1694,'Lolotla',102),(1695,'Metepec',102),(1696,'San Agustín Metzquititlán',102),(1697,'Metztitlán',102),(1698,'Mineral del Chico',102),(1699,'Mineral del Monte',102),(1700,'La Misión',102),(1701,'Mixquiahuala de Juárez',102),(1702,'Molango de Escamilla',102),(1703,'Nicolás Flores',102),(1704,'Nopala de Villagrán',102),(1705,'Omitlán de Juárez',102),(1706,'San Felipe Orizatlán',102),(1707,'Pacula',102),(1708,'Pachuca de Soto',102),(1709,'Pisaflores',102),(1710,'Progreso de Obregón',102),(1711,'Mineral de la Reforma',102),(1712,'San Agustín Tlaxiaca',102),(1713,'San Bartolo Tutotepec',102),(1714,'San Salvador',102),(1715,'Santiago de Anaya',102),(1716,'Santiago Tulantepec de Lugo Guerrero',102),(1717,'Singuilucan',102),(1718,'Tasquillo',102),(1719,'Tecozautla',102),(1720,'Tenango de Doria',102),(1721,'Tepeapulco',102),(1722,'Tepehuacán de Guerrero',102),(1723,'Tepeji del Río de Ocampo',102),(1724,'Tepetitlán',102),(1725,'Tetepango',102),(1726,'Villa de Tezontepec',102),(1727,'Tezontepec de Aldama',102),(1728,'Tianguistengo',102),(1729,'Tizayuca',102),(1730,'Tlahuelilpan',102),(1731,'Tlahuiltepa',102),(1732,'Tlanalapa',102),(1733,'Tlanchinol',102),(1734,'Tlaxcoapan',102),(1735,'Tolcayuca',102),(1736,'Tula de Allende',102),(1737,'Tulancingo de Bravo',102),(1738,'Xochiatipan',102),(1739,'Xochicoatlán',102),(1740,'Yahualica',102),(1741,'Zacualtipán de Ángeles',102),(1742,'Zapotlán de Juárez',102),(1743,'Zempoala',102),(1744,'Zimapán',102),(1745,'Acatic',103),(1746,'Acatlán de Juárez',103),(1747,'Ahualulco de Mercado',103),(1748,'Amacueca',103),(1749,'Amatitán',103),(1750,'Ameca',103),(1751,'San Juanito de Escobedo',103),(1752,'Arandas',103),(1753,'El Arenal',103),(1754,'Atemajac de Brizuela',103),(1755,'Atengo',103),(1756,'Atenguillo',103),(1757,'Atotonilco el Alto',103),(1758,'Atoyac',103),(1759,'Autlán de Navarro',103),(1760,'Ayotlán',103),(1761,'Ayutla',103),(1762,'La Barca',103),(1763,'Bolaños',103),(1764,'Cabo Corrientes',103),(1765,'Casimiro Castillo',103),(1766,'Cihuatlán',103),(1767,'Zapotlán el Grande',103),(1768,'Cocula',103),(1769,'Colotlán',103),(1770,'Concepción de Buenos Aires',103),(1771,'Cuautitlán de García Barragán',103),(1772,'Cuautla',103),(1773,'Cuquío',103),(1774,'Chapala',103),(1775,'Chimaltitán',103),(1776,'Chiquilistlán',103),(1777,'Degollado',103),(1778,'Ejutla',103),(1779,'Encarnación de Díaz',103),(1780,'Etzatlán',103),(1781,'El Grullo',103),(1782,'Guachinango',103),(1783,'Guadalajara',103),(1784,'Hostotipaquillo',103),(1785,'Huejúcar',103),(1786,'Huejuquilla el Alto',103),(1787,'La Huerta',103),(1788,'Ixtlahuacán de los Membrillos',103),(1789,'Ixtlahuacán del Río',103),(1790,'Jalostotitlán',103),(1791,'Jamay',103),(1792,'Jesús María',103),(1793,'Jilotlán de los Dolores',103),(1794,'Jocotepec',103),(1795,'Juanacatlán',103),(1796,'Juchitlán',103),(1797,'Lagos de Moreno',103),(1798,'El Limón',103),(1799,'Magdalena',103),(1800,'Santa María del Oro',103),(1801,'La Manzanilla de la Paz',103),(1802,'Mascota',103),(1803,'Mazamitla',103),(1804,'Mexticacán',103),(1805,'Mezquitic',103),(1806,'Mixtlán',103),(1807,'Ocotlán',103),(1808,'Ojuelos de Jalisco',103),(1809,'Pihuamo',103),(1810,'Poncitlán',103),(1811,'Puerto Vallarta',103),(1812,'Villa Purificación',103),(1813,'Quitupan',103),(1814,'El Salto',103),(1815,'San Cristóbal de la Barranca',103),(1816,'San Diego de Alejandría',103),(1817,'San Juan de los Lagos',103),(1818,'San Julián',103),(1819,'San Marcos',103),(1820,'San Martín de Bolaños',103),(1821,'San Martín Hidalgo',103),(1822,'San Miguel el Alto',103),(1823,'Gómez Farías',103),(1824,'San Sebastián del Oeste',103),(1825,'Santa María de los Ángeles',103),(1826,'Sayula',103),(1827,'Tala',103),(1828,'Talpa de Allende',103),(1829,'Tamazula de Gordiano',103),(1830,'Tapalpa',103),(1831,'Tecalitlán',103),(1832,'Tecolotlán',103),(1833,'Techaluta de Montenegro',103),(1834,'Tenamaxtlán',103),(1835,'Teocaltiche',103),(1836,'Teocuitatlán de Corona',103),(1837,'Tepatitlán de Morelos',103),(1838,'Tequila',103),(1839,'Teuchitlán',103),(1840,'Tizapán el Alto',103),(1841,'Tlajomulco de Zúñiga',103),(1842,'San Pedro Tlaquepaque',103),(1843,'Tolimán',103),(1844,'Tomatlán',103),(1845,'Tonalá',103),(1846,'Tonaya',103),(1847,'Tonila',103),(1848,'Totatiche',103),(1849,'Tototlán',103),(1850,'Tuxcacuesco',103),(1851,'Tuxcueca',103),(1852,'Tuxpan',103),(1853,'Unión de San Antonio',103),(1854,'Unión de Tula',103),(1855,'Valle de Guadalupe',103),(1856,'Valle de Juárez',103),(1857,'San Gabriel',103),(1858,'Villa Corona',103),(1859,'Villa Guerrero',103),(1860,'Villa Hidalgo',103),(1861,'Cañadas de Obregón',103),(1862,'Yahualica de González Gallo',103),(1863,'Zacoalco de Torres',103),(1864,'Zapopan',103),(1865,'Zapotiltic',103),(1866,'Zapotitlán de Vadillo',103),(1867,'Zapotlán del Rey',103),(1868,'Zapotlanejo',103),(1869,'San Ignacio Cerro Gordo',103),(1870,'Acuitzio',105),(1871,'Aguililla',105),(1872,'Álvaro Obregón',105),(1873,'Angamacutiro',105),(1874,'Angangueo',105),(1875,'Apatzingán',105),(1876,'Aporo',105),(1877,'Aquila',105),(1878,'Ario',105),(1879,'Arteaga',105),(1880,'Briseñas',105),(1881,'Buenavista',105),(1882,'Carácuaro',105),(1883,'Coahuayana',105),(1884,'Coalcomán de Vázquez Pallares',105),(1885,'Coeneo',105),(1886,'Contepec',105),(1887,'Copándaro',105),(1888,'Cotija',105),(1889,'Cuitzeo',105),(1890,'Charapan',105),(1891,'Charo',105),(1892,'Chavinda',105),(1893,'Cherán',105),(1894,'Chilchota',105),(1895,'Chinicuila',105),(1896,'Chucándiro',105),(1897,'Churintzio',105),(1898,'Churumuco',105),(1899,'Ecuandureo',105),(1900,'Epitacio Huerta',105),(1901,'Erongarícuaro',105),(1902,'Gabriel Zamora',105),(1903,'Hidalgo',105),(1904,'La Huacana',105),(1905,'Huandacareo',105),(1906,'Huaniqueo',105),(1907,'Huetamo',105),(1908,'Huiramba',105),(1909,'Indaparapeo',105),(1910,'Irimbo',105),(1911,'Ixtlán',105),(1912,'Jacona',105),(1913,'Jiménez',105),(1914,'Jiquilpan',105),(1915,'Juárez',105),(1916,'Jungapeo',105),(1917,'Lagunillas',105),(1918,'Madero',105),(1919,'Maravatío',105),(1920,'Marcos Castellanos',105),(1921,'Lázaro Cárdenas',105),(1922,'Morelia',105),(1923,'Morelos',105),(1924,'Múgica',105),(1925,'Nahuatzen',105),(1926,'Nocupétaro',105),(1927,'Nuevo Parangaricutiro',105),(1928,'Nuevo Urecho',105),(1929,'Numarán',105),(1930,'Ocampo',105),(1931,'Pajacuarán',105),(1932,'Panindícuaro',105),(1933,'Parácuaro',105),(1934,'Paracho',105),(1935,'Pátzcuaro',105),(1936,'Penjamillo',105),(1937,'Peribán',105),(1938,'La Piedad',105),(1939,'Purépero',105),(1940,'Puruándiro',105),(1941,'Queréndaro',105),(1942,'Quiroga',105),(1943,'Cojumatlán de Régules',105),(1944,'Los Reyes',105),(1945,'Sahuayo',105),(1946,'San Lucas',105),(1947,'Santa Ana Maya',105),(1948,'Salvador Escalante',105),(1949,'Senguio',105),(1950,'Susupuato',105),(1951,'Tacámbaro',105),(1952,'Tancítaro',105),(1953,'Tangamandapio',105),(1954,'Tangancícuaro',105),(1955,'Tanhuato',105),(1956,'Taretan',105),(1957,'Tarímbaro',105),(1958,'Tepalcatepec',105),(1959,'Tingambato',105),(1960,'Tingüindín',105),(1961,'Tiquicheo de Nicolás Romero',105),(1962,'Tlalpujahua',105),(1963,'Tlazazalca',105),(1964,'Tocumbo',105),(1965,'Tumbiscatío',105),(1966,'Turicato',105),(1967,'Tuxpan',105),(1968,'Tuzantla',105),(1969,'Tzintzuntzan',105),(1970,'Tzitzio',105),(1971,'Uruapan',105),(1972,'Venustiano Carranza',105),(1973,'Villamar',105),(1974,'Vista Hermosa',105),(1975,'Yurécuaro',105),(1976,'Zacapu',105),(1977,'Zamora',105),(1978,'Zináparo',105),(1979,'Zinapécuaro',105),(1980,'Ziracuaretiro',105),(1981,'Zitácuaro',105),(1982,'José Sixto Verduzco',105),(1983,'Amacuzac',106),(1984,'Atlatlahucan',106),(1985,'Axochiapan',106),(1986,'Ayala',106),(1987,'Coatlán del Río',106),(1988,'Cuautla',106),(1989,'Cuernavaca',106),(1990,'Emiliano Zapata',106),(1991,'Huitzilac',106),(1992,'Jantetelco',106),(1993,'Jiutepec',106),(1994,'Jojutla',106),(1995,'Jonacatepec',106),(1996,'Mazatepec',106),(1997,'Miacatlán',106),(1998,'Ocuituco',106),(1999,'Puente de Ixtla',106),(2000,'Temixco',106),(2001,'Tepalcingo',106),(2002,'Tepoztlán',106),(2003,'Tetecala',106),(2004,'Tetela del Volcán',106),(2005,'Tlalnepantla',106),(2006,'Tlaltizapán de Zapata',106),(2007,'Tlaquiltenango',106),(2008,'Tlayacapan',106),(2009,'Totolapan',106),(2010,'Xochitepec',106),(2011,'Yautepec',106),(2012,'Yecapixtla',106),(2013,'Zacatepec',106),(2014,'Zacualpan',106),(2015,'Temoac',106),(2016,'Acambay',104),(2017,'Acolman',104),(2018,'Aculco',104),(2019,'Almoloya de Alquisiras',104),(2020,'Almoloya de Juárez',104),(2021,'Almoloya del Río',104),(2022,'Amanalco',104),(2023,'Amatepec',104),(2024,'Amecameca',104),(2025,'Apaxco',104),(2026,'Atenco',104),(2027,'Atizapán',104),(2028,'Atizapán de Zaragoza',104),(2029,'Atlacomulco',104),(2030,'Atlautla',104),(2031,'Axapusco',104),(2032,'Ayapango',104),(2033,'Calimaya',104),(2034,'Capulhuac',104),(2035,'Coacalco de Berriozábal',104),(2036,'Coatepec Harinas',104),(2037,'Cocotitlán',104),(2038,'Coyotepec',104),(2039,'Cuautitlán',104),(2040,'Chalco',104),(2041,'Chapa de Mota',104),(2042,'Chapultepec',104),(2043,'Chiautla',104),(2044,'Chicoloapan',104),(2045,'Chiconcuac',104),(2046,'Chimalhuacán',104),(2047,'Donato Guerra',104),(2048,'Ecatepec de Morelos',104),(2049,'Ecatzingo',104),(2050,'Huehuetoca',104),(2051,'Hueypoxtla',104),(2052,'Huixquilucan',104),(2053,'Isidro Fabela',104),(2054,'Ixtapaluca',104),(2055,'Ixtapan de la Sal',104),(2056,'Ixtapan del Oro',104),(2057,'Ixtlahuaca',104),(2058,'Xalatlaco',104),(2059,'Jaltenco',104),(2060,'Jilotepec',104),(2061,'Jilotzingo',104),(2062,'Jiquipilco',104),(2063,'Jocotitlán',104),(2064,'Joquicingo',104),(2065,'Juchitepec',104),(2066,'Lerma',104),(2067,'Malinalco',104),(2068,'Melchor Ocampo',104),(2069,'Metepec',104),(2070,'Mexicaltzingo',104),(2071,'Morelos',104),(2072,'Naucalpan de Juárez',104),(2073,'Nezahualcóyotl',104),(2074,'Nextlalpan',104),(2075,'Nicolás Romero',104),(2076,'Nopaltepec',104),(2077,'Ocoyoacac',104),(2078,'Ocuilan',104),(2079,'El Oro',104),(2080,'Otumba',104),(2081,'Otzoloapan',104),(2082,'Otzolotepec',104),(2083,'Ozumba',104),(2084,'Papalotla',104),(2085,'La Paz',104),(2086,'Polotitlán',104),(2087,'Rayón',104),(2088,'San Antonio la Isla',104),(2089,'San Felipe del Progreso',104),(2090,'San Martín de las Pirámides',104),(2091,'San Mateo Atenco',104),(2092,'San Simón de Guerrero',104),(2093,'Santo Tomás',104),(2094,'Soyaniquilpan de Juárez',104),(2095,'Sultepec',104),(2096,'Tecámac',104),(2097,'Tejupilco',104),(2098,'Temamatla',104),(2099,'Temascalapa',104),(2100,'Temascalcingo',104),(2101,'Temascaltepec',104),(2102,'Temoaya',104),(2103,'Tenancingo',104),(2104,'Tenango del Aire',104),(2105,'Tenango del Valle',104),(2106,'Teoloyucan',104),(2107,'Teotihuacán',104),(2108,'Tepetlaoxtoc',104),(2109,'Tepetlixpa',104),(2110,'Tepotzotlán',104),(2111,'Tequixquiac',104),(2112,'Texcaltitlán',104),(2113,'Texcalyacac',104),(2114,'Texcoco',104),(2115,'Tezoyuca',104),(2116,'Tianguistenco',104),(2117,'Timilpan',104),(2118,'Tlalmanalco',104),(2119,'Tlalnepantla de Baz',104),(2120,'Tlatlaya',104),(2121,'Toluca',104),(2122,'Tonatico',104),(2123,'Tultepec',104),(2124,'Tultitlán',104),(2125,'Valle de Bravo',104),(2126,'Villa de Allende',104),(2127,'Villa del Carbón',104),(2128,'Villa Guerrero',104),(2129,'Villa Victoria',104),(2130,'Xonacatlán',104),(2131,'Zacazonapan',104),(2132,'Zacualpan',104),(2133,'Zinacantepec',104),(2134,'Zumpahuacán',104),(2135,'Zumpango',104),(2136,'Cuautitlán Izcalli',104),(2137,'Valle de Chalco Solidaridad',104),(2138,'Luvianos',104),(2139,'San José del Rincón',104),(2140,'Tonanitla',104),(2141,'Acaponeta',107),(2142,'Ahuacatlán',107),(2143,'Amatlán de Cañas',107),(2144,'Compostela',107),(2145,'Huajicori',107),(2146,'Ixtlán del Río',107),(2147,'Jala',107),(2148,'Xalisco',107),(2149,'Del Nayar',107),(2150,'Rosamorada',107),(2151,'Ruíz',107),(2152,'San Blas',107),(2153,'San Pedro Lagunillas',107),(2154,'Santa María del Oro',107),(2155,'Santiago Ixcuintla',107),(2156,'Tecuala',107),(2157,'Tepic',107),(2158,'Tuxpan',107),(2159,'La Yesca',107),(2160,'Bahía de Banderas',107),(2161,'Abasolo',108),(2162,'Agualeguas',108),(2163,'Los Aldamas',108),(2164,'Allende',108),(2165,'Anáhuac',108),(2166,'Apodaca',108),(2167,'Aramberri',108),(2168,'Bustamante',108),(2169,'Cadereyta Jiménez',108),(2170,'El Carmen',108),(2171,'Cerralvo',108),(2172,'Ciénega de Flores',108),(2173,'China',108),(2174,'Doctor Arroyo',108),(2175,'Doctor Coss',108),(2176,'Doctor González',108),(2177,'Galeana',108),(2178,'García',108),(2179,'San Pedro Garza García',108),(2180,'General Bravo',108),(2181,'General Escobedo',108),(2182,'General Terán',108),(2183,'General Treviño',108),(2184,'General Zaragoza',108),(2185,'General Zuazua',108),(2186,'Guadalupe',108),(2187,'Los Herreras',108),(2188,'Higueras',108),(2189,'Hualahuises',108),(2190,'Iturbide',108),(2191,'Juárez',108),(2192,'Lampazos de Naranjo',108),(2193,'Linares',108),(2194,'Marín',108),(2195,'Melchor Ocampo',108),(2196,'Mier y Noriega',108),(2197,'Mina',108),(2198,'Montemorelos',108),(2199,'Monterrey',108),(2200,'Parás',108),(2201,'Pesquería',108),(2202,'Los Ramones',108),(2203,'Rayones',108),(2204,'Sabinas Hidalgo',108),(2205,'Salinas Victoria',108),(2206,'San Nicolás de los Garza',108),(2207,'Hidalgo',108),(2208,'Santa Catarina',108),(2209,'Santiago',108),(2210,'Vallecillo',108),(2211,'Villaldama',108),(2212,'Abejones',109),(2213,'Acatlán de Pérez Figueroa',109),(2214,'Asunción Cacalotepec',109),(2215,'Asunción Cuyotepeji',109),(2216,'Asunción Ixtaltepec',109),(2217,'Asunción Nochixtlán',109),(2218,'Asunción Ocotlán',109),(2219,'Asunción Tlacolulita',109),(2220,'Ayotzintepec',109),(2221,'El Barrio de la Soledad',109),(2222,'Calihualá',109),(2223,'Candelaria Loxicha',109),(2224,'Ciénega de Zimatlán',109),(2225,'Ciudad Ixtepec',109),(2226,'Coatecas Altas',109),(2227,'Coicoyán de las Flores',109),(2228,'La Compañía',109),(2229,'Concepción Buenavista',109),(2230,'Concepción Pápalo',109),(2231,'Constancia del Rosario',109),(2232,'Cosolapa',109),(2233,'Cosoltepec',109),(2234,'Cuilápam de Guerrero',109),(2235,'Cuyamecalco Villa de Zaragoza',109),(2236,'Chahuites',109),(2237,'Chalcatongo de Hidalgo',109),(2238,'Chiquihuitlán de Benito Juárez',109),(2239,'Heroica Ciudad de Ejutla de Crespo',109),(2240,'Eloxochitlán de Flores Magón',109),(2241,'El Espinal',109),(2242,'Tamazulápam del Espíritu Santo',109),(2243,'Fresnillo de Trujano',109),(2244,'Guadalupe Etla',109),(2245,'Guadalupe de Ramírez',109),(2246,'Guelatao de Juárez',109),(2247,'Guevea de Humboldt',109),(2248,'Mesones Hidalgo',109),(2249,'Villa Hidalgo',109),(2250,'Heroica Ciudad de Huajuapan de León',109),(2251,'Huautepec',109),(2252,'Huautla de Jiménez',109),(2253,'Ixtlán de Juárez',109),(2254,'Heroica Ciudad de Juchitán de Zaragoza',109),(2255,'Loma Bonita',109),(2256,'Magdalena Apasco',109),(2257,'Magdalena Jaltepec',109),(2258,'Santa Magdalena Jicotlán',109),(2259,'Magdalena Mixtepec',109),(2260,'Magdalena Ocotlán',109),(2261,'Magdalena Peñasco',109),(2262,'Magdalena Teitipac',109),(2263,'Magdalena Tequisistlán',109),(2264,'Magdalena Tlacotepec',109),(2265,'Magdalena Zahuatlán',109),(2266,'Mariscala de Juárez',109),(2267,'Mártires de Tacubaya',109),(2268,'Matías Romero Avendaño',109),(2269,'Mazatlán Villa de Flores',109),(2270,'Miahuatlán de Porfirio Díaz',109),(2271,'Mixistlán de la Reforma',109),(2272,'Monjas',109),(2273,'Natividad',109),(2274,'Nazareno Etla',109),(2275,'Nejapa de Madero',109),(2276,'Ixpantepec Nieves',109),(2277,'Santiago Niltepec',109),(2278,'Oaxaca de Juárez',109),(2279,'Ocotlán de Morelos',109),(2280,'La Pe',109),(2281,'Pinotepa de Don Luis',109),(2282,'Pluma Hidalgo',109),(2283,'San José del Progreso',109),(2284,'Putla Villa de Guerrero',109),(2285,'Santa Catarina Quioquitani',109),(2286,'Reforma de Pineda',109),(2287,'La Reforma',109),(2288,'Reyes Etla',109),(2289,'Rojas de Cuauhtémoc',109),(2290,'Salina Cruz',109),(2291,'San Agustín Amatengo',109),(2292,'San Agustín Atenango',109),(2293,'San Agustín Chayuco',109),(2294,'San Agustín de las Juntas',109),(2295,'San Agustín Etla',109),(2296,'San Agustín Loxicha',109),(2297,'San Agustín Tlacotepec',109),(2298,'San Agustín Yatareni',109),(2299,'San Andrés Cabecera Nueva',109),(2300,'San Andrés Dinicuiti',109),(2301,'San Andrés Huaxpaltepec',109),(2302,'San Andrés Huayápam',109),(2303,'San Andrés Ixtlahuaca',109),(2304,'San Andrés Lagunas',109),(2305,'San Andrés Nuxiño',109),(2306,'San Andrés Paxtlán',109),(2307,'San Andrés Sinaxtla',109),(2308,'San Andrés Solaga',109),(2309,'San Andrés Teotilálpam',109),(2310,'San Andrés Tepetlapa',109),(2311,'San Andrés Yaá',109),(2312,'San Andrés Zabache',109),(2313,'San Andrés Zautla',109),(2314,'San Antonino Castillo Velasco',109),(2315,'San Antonino el Alto',109),(2316,'San Antonino Monte Verde',109),(2317,'San Antonio Acutla',109),(2318,'San Antonio de la Cal',109),(2319,'San Antonio Huitepec',109),(2320,'San Antonio Nanahuatípam',109),(2321,'San Antonio Sinicahua',109),(2322,'San Antonio Tepetlapa',109),(2323,'San Baltazar Chichicápam',109),(2324,'San Baltazar Loxicha',109),(2325,'San Baltazar Yatzachi el Bajo',109),(2326,'San Bartolo Coyotepec',109),(2327,'San Bartolomé Ayautla',109),(2328,'San Bartolomé Loxicha',109),(2329,'San Bartolomé Quialana',109),(2330,'San Bartolomé Yucuañe',109),(2331,'San Bartolomé Zoogocho',109),(2332,'San Bartolo Soyaltepec',109),(2333,'San Bartolo Yautepec',109),(2334,'San Bernardo Mixtepec',109),(2335,'San Blas Atempa',109),(2336,'San Carlos Yautepec',109),(2337,'San Cristóbal Amatlán',109),(2338,'San Cristóbal Amoltepec',109),(2339,'San Cristóbal Lachirioag',109),(2340,'San Cristóbal Suchixtlahuaca',109),(2341,'San Dionisio del Mar',109),(2342,'San Dionisio Ocotepec',109),(2343,'San Dionisio Ocotlán',109),(2344,'San Esteban Atatlahuca',109),(2345,'San Felipe Jalapa de Díaz',109),(2346,'San Felipe Tejalápam',109),(2347,'San Felipe Usila',109),(2348,'San Francisco Cahuacuá',109),(2349,'San Francisco Cajonos',109),(2350,'San Francisco Chapulapa',109),(2351,'San Francisco Chindúa',109),(2352,'San Francisco del Mar',109),(2353,'San Francisco Huehuetlán',109),(2354,'San Francisco Ixhuatán',109),(2355,'San Francisco Jaltepetongo',109),(2356,'San Francisco Lachigoló',109),(2357,'San Francisco Logueche',109),(2358,'San Francisco Nuxaño',109),(2359,'San Francisco Ozolotepec',109),(2360,'San Francisco Sola',109),(2361,'San Francisco Telixtlahuaca',109),(2362,'San Francisco Teopan',109),(2363,'San Francisco Tlapancingo',109),(2364,'San Gabriel Mixtepec',109),(2365,'San Ildefonso Amatlán',109),(2366,'San Ildefonso Sola',109),(2367,'San Ildefonso Villa Alta',109),(2368,'San Jacinto Amilpas',109),(2369,'San Jacinto Tlacotepec',109),(2370,'San Jerónimo Coatlán',109),(2371,'San Jerónimo Silacayoapilla',109),(2372,'San Jerónimo Sosola',109),(2373,'San Jerónimo Taviche',109),(2374,'San Jerónimo Tecóatl',109),(2375,'San Jorge Nuchita',109),(2376,'San José Ayuquila',109),(2377,'San José Chiltepec',109),(2378,'San José del Peñasco',109),(2379,'San José Estancia Grande',109),(2380,'San José Independencia',109),(2381,'San José Lachiguiri',109),(2382,'San José Tenango',109),(2383,'San Juan Achiutla',109),(2384,'San Juan Atepec',109),(2385,'Ánimas Trujano',109),(2386,'San Juan Bautista Atatlahuca',109),(2387,'San Juan Bautista Coixtlahuaca',109),(2388,'San Juan Bautista Cuicatlán',109),(2389,'San Juan Bautista Guelache',109),(2390,'San Juan Bautista Jayacatlán',109),(2391,'San Juan Bautista Lo de Soto',109),(2392,'San Juan Bautista Suchitepec',109),(2393,'San Juan Bautista Tlacoatzintepec',109),(2394,'San Juan Bautista Tlachichilco',109),(2395,'San Juan Bautista Tuxtepec',109),(2396,'San Juan Cacahuatepec',109),(2397,'San Juan Cieneguilla',109),(2398,'San Juan Coatzóspam',109),(2399,'San Juan Colorado',109),(2400,'San Juan Comaltepec',109),(2401,'San Juan Cotzocón',109),(2402,'San Juan Chicomezúchil',109),(2403,'San Juan Chilateca',109),(2404,'San Juan del Estado',109),(2405,'San Juan del Río',109),(2406,'San Juan Diuxi',109),(2407,'San Juan Evangelista Analco',109),(2408,'San Juan Guelavía',109),(2409,'San Juan Guichicovi',109),(2410,'San Juan Ihualtepec',109),(2411,'San Juan Juquila Mixes',109),(2412,'San Juan Juquila Vijanos',109),(2413,'San Juan Lachao',109),(2414,'San Juan Lachigalla',109),(2415,'San Juan Lajarcia',109),(2416,'San Juan Lalana',109),(2417,'San Juan de los Cués',109),(2418,'San Juan Mazatlán',109),(2419,'San Juan Mixtepec -Dto. 08 -',109),(2420,'San Juan Mixtepec -Dto. 26 -',109),(2421,'San Juan Ñumí',109),(2422,'San Juan Ozolotepec',109),(2423,'San Juan Petlapa',109),(2424,'San Juan Quiahije',109),(2425,'San Juan Quiotepec',109),(2426,'San Juan Sayultepec',109),(2427,'San Juan Tabaá',109),(2428,'San Juan Tamazola',109),(2429,'San Juan Teita',109),(2430,'San Juan Teitipac',109),(2431,'San Juan Tepeuxila',109),(2432,'San Juan Teposcolula',109),(2433,'San Juan Yaeé',109),(2434,'San Juan Yatzona',109),(2435,'San Juan Yucuita',109),(2436,'San Lorenzo',109),(2437,'San Lorenzo Albarradas',109),(2438,'San Lorenzo Cacaotepec',109),(2439,'San Lorenzo Cuaunecuiltitla',109),(2440,'San Lorenzo Texmelúcan',109),(2441,'San Lorenzo Victoria',109),(2442,'San Lucas Camotlán',109),(2443,'San Lucas Ojitlán',109),(2444,'San Lucas Quiaviní',109),(2445,'San Lucas Zoquiápam',109),(2446,'San Luis Amatlán',109),(2447,'San Marcial Ozolotepec',109),(2448,'San Marcos Arteaga',109),(2449,'San Martín de los Cansecos',109),(2450,'San Martín Huamelúlpam',109),(2451,'San Martín Itunyoso',109),(2452,'San Martín Lachilá',109),(2453,'San Martín Peras',109),(2454,'San Martín Tilcajete',109),(2455,'San Martín Toxpalan',109),(2456,'San Martín Zacatepec',109),(2457,'San Mateo Cajonos',109),(2458,'Capulálpam de Méndez',109),(2459,'San Mateo del Mar',109),(2460,'San Mateo Yoloxochitlán',109),(2461,'San Mateo Etlatongo',109),(2462,'San Mateo Nejápam',109),(2463,'San Mateo Peñasco',109),(2464,'San Mateo Piñas',109),(2465,'San Mateo Río Hondo',109),(2466,'San Mateo Sindihui',109),(2467,'San Mateo Tlapiltepec',109),(2468,'San Melchor Betaza',109),(2469,'San Miguel Achiutla',109),(2470,'San Miguel Ahuehuetitlán',109),(2471,'San Miguel Aloápam',109),(2472,'San Miguel Amatitlán',109),(2473,'San Miguel Amatlán',109),(2474,'San Miguel Coatlán',109),(2475,'San Miguel Chicahua',109),(2476,'San Miguel Chimalapa',109),(2477,'San Miguel del Puerto',109),(2478,'San Miguel del Río',109),(2479,'San Miguel Ejutla',109),(2480,'San Miguel el Grande',109),(2481,'San Miguel Huautla',109),(2482,'San Miguel Mixtepec',109),(2483,'San Miguel Panixtlahuaca',109),(2484,'San Miguel Peras',109),(2485,'San Miguel Piedras',109),(2486,'San Miguel Quetzaltepec',109),(2487,'San Miguel Santa Flor',109),(2488,'Villa Sola de Vega',109),(2489,'San Miguel Soyaltepec',109),(2490,'San Miguel Suchixtepec',109),(2491,'Villa Talea de Castro',109),(2492,'San Miguel Tecomatlán',109),(2493,'San Miguel Tenango',109),(2494,'San Miguel Tequixtepec',109),(2495,'San Miguel Tilquiápam',109),(2496,'San Miguel Tlacamama',109),(2497,'San Miguel Tlacotepec',109),(2498,'San Miguel Tulancingo',109),(2499,'San Miguel Yotao',109),(2500,'San Nicolás',109),(2501,'San Nicolás Hidalgo',109),(2502,'San Pablo Coatlán',109),(2503,'San Pablo Cuatro Venados',109),(2504,'San Pablo Etla',109),(2505,'San Pablo Huitzo',109),(2506,'San Pablo Huixtepec',109),(2507,'San Pablo Macuiltianguis',109),(2508,'San Pablo Tijaltepec',109),(2509,'San Pablo Villa de Mitla',109),(2510,'San Pablo Yaganiza',109),(2511,'San Pedro Amuzgos',109),(2512,'San Pedro Apóstol',109),(2513,'San Pedro Atoyac',109),(2514,'San Pedro Cajonos',109),(2515,'San Pedro Coxcaltepec Cántaros',109),(2516,'San Pedro Comitancillo',109),(2517,'San Pedro el Alto',109),(2518,'San Pedro Huamelula',109),(2519,'San Pedro Huilotepec',109),(2520,'San Pedro Ixcatlán',109),(2521,'San Pedro Ixtlahuaca',109),(2522,'San Pedro Jaltepetongo',109),(2523,'San Pedro Jicayán',109),(2524,'San Pedro Jocotipac',109),(2525,'San Pedro Juchatengo',109),(2526,'San Pedro Mártir',109),(2527,'San Pedro Mártir Quiechapa',109),(2528,'San Pedro Mártir Yucuxaco',109),(2529,'San Pedro Mixtepec -Dto. 22 -',109),(2530,'San Pedro Mixtepec -Dto. 26 -',109),(2531,'San Pedro Molinos',109),(2532,'San Pedro Nopala',109),(2533,'San Pedro Ocopetatillo',109),(2534,'San Pedro Ocotepec',109),(2535,'San Pedro Pochutla',109),(2536,'San Pedro Quiatoni',109),(2537,'San Pedro Sochiápam',109),(2538,'San Pedro Tapanatepec',109),(2539,'San Pedro Taviche',109),(2540,'San Pedro Teozacoalco',109),(2541,'San Pedro Teutila',109),(2542,'San Pedro Tidaá',109),(2543,'San Pedro Topiltepec',109),(2544,'San Pedro Totolápam',109),(2545,'Villa de Tututepec de Melchor Ocampo',109),(2546,'San Pedro Yaneri',109),(2547,'San Pedro Yólox',109),(2548,'San Pedro y San Pablo Ayutla',109),(2549,'Villa de Etla',109),(2550,'San Pedro y San Pablo Teposcolula',109),(2551,'San Pedro y San Pablo Tequixtepec',109),(2552,'San Pedro Yucunama',109),(2553,'San Raymundo Jalpan',109),(2554,'San Sebastián Abasolo',109),(2555,'San Sebastián Coatlán',109),(2556,'San Sebastián Ixcapa',109),(2557,'San Sebastián Nicananduta',109),(2558,'San Sebastián Río Hondo',109),(2559,'San Sebastián Tecomaxtlahuaca',109),(2560,'San Sebastián Teitipac',109),(2561,'San Sebastián Tutla',109),(2562,'San Simón Almolongas',109),(2563,'San Simón Zahuatlán',109),(2564,'Santa Ana',109),(2565,'Santa Ana Ateixtlahuaca',109),(2566,'Santa Ana Cuauhtémoc',109),(2567,'Santa Ana del Valle',109),(2568,'Santa Ana Tavela',109),(2569,'Santa Ana Tlapacoyan',109),(2570,'Santa Ana Yareni',109),(2571,'Santa Ana Zegache',109),(2572,'Santa Catalina Quierí',109),(2573,'Santa Catarina Cuixtla',109),(2574,'Santa Catarina Ixtepeji',109),(2575,'Santa Catarina Juquila',109),(2576,'Santa Catarina Lachatao',109),(2577,'Santa Catarina Loxicha',109),(2578,'Santa Catarina Mechoacán',109),(2579,'Santa Catarina Minas',109),(2580,'Santa Catarina Quiané',109),(2581,'Santa Catarina Tayata',109),(2582,'Santa Catarina Ticuá',109),(2583,'Santa Catarina Yosonotú',109),(2584,'Santa Catarina Zapoquila',109),(2585,'Santa Cruz Acatepec',109),(2586,'Santa Cruz Amilpas',109),(2587,'Santa Cruz de Bravo',109),(2588,'Santa Cruz Itundujia',109),(2589,'Santa Cruz Mixtepec',109),(2590,'Santa Cruz Nundaco',109),(2591,'Santa Cruz Papalutla',109),(2592,'Santa Cruz Tacache de Mina',109),(2593,'Santa Cruz Tacahua',109),(2594,'Santa Cruz Tayata',109),(2595,'Santa Cruz Xitla',109),(2596,'Santa Cruz Xoxocotlán',109),(2597,'Santa Cruz Zenzontepec',109),(2598,'Santa Gertrudis',109),(2599,'Santa Inés del Monte',109),(2600,'Santa Inés Yatzeche',109),(2601,'Santa Lucía del Camino',109),(2602,'Santa Lucía Miahuatlán',109),(2603,'Santa Lucía Monteverde',109),(2604,'Santa Lucía Ocotlán',109),(2605,'Santa María Alotepec',109),(2606,'Santa María Apazco',109),(2607,'Santa María la Asunción',109),(2608,'Heroica Ciudad de Tlaxiaco',109),(2609,'Ayoquezco de Aldama',109),(2610,'Santa María Atzompa',109),(2611,'Santa María Camotlán',109),(2612,'Santa María Colotepec',109),(2613,'Santa María Cortijo',109),(2614,'Santa María Coyotepec',109),(2615,'Santa María Chachoápam',109),(2616,'Villa de Chilapa de Díaz',109),(2617,'Santa María Chilchotla',109),(2618,'Santa María Chimalapa',109),(2619,'Santa María del Rosario',109),(2620,'Santa María del Tule',109),(2621,'Santa María Ecatepec',109),(2622,'Santa María Guelacé',109),(2623,'Santa María Guienagati',109),(2624,'Santa María Huatulco',109),(2625,'Santa María Huazolotitlán',109),(2626,'Santa María Ipalapa',109),(2627,'Santa María Ixcatlán',109),(2628,'Santa María Jacatepec',109),(2629,'Santa María Jalapa del Marqués',109),(2630,'Santa María Jaltianguis',109),(2631,'Santa María Lachixío',109),(2632,'Santa María Mixtequilla',109),(2633,'Santa María Nativitas',109),(2634,'Santa María Nduayaco',109),(2635,'Santa María Ozolotepec',109),(2636,'Santa María Pápalo',109),(2637,'Santa María Peñoles',109),(2638,'Santa María Petapa',109),(2639,'Santa María Quiegolani',109),(2640,'Santa María Sola',109),(2641,'Santa María Tataltepec',109),(2642,'Santa María Tecomavaca',109),(2643,'Santa María Temaxcalapa',109),(2644,'Santa María Temaxcaltepec',109),(2645,'Santa María Teopoxco',109),(2646,'Santa María Tepantlali',109),(2647,'Santa María Texcatitlán',109),(2648,'Santa María Tlahuitoltepec',109),(2649,'Santa María Tlalixtac',109),(2650,'Santa María Tonameca',109),(2651,'Santa María Totolapilla',109),(2652,'Santa María Xadani',109),(2653,'Santa María Yalina',109),(2654,'Santa María Yavesía',109),(2655,'Santa María Yolotepec',109),(2656,'Santa María Yosoyúa',109),(2657,'Santa María Yucuhiti',109),(2658,'Santa María Zacatepec',109),(2659,'Santa María Zaniza',109),(2660,'Santa María Zoquitlán',109),(2661,'Santiago Amoltepec',109),(2662,'Santiago Apoala',109),(2663,'Santiago Apóstol',109),(2664,'Santiago Astata',109),(2665,'Santiago Atitlán',109),(2666,'Santiago Ayuquililla',109),(2667,'Santiago Cacaloxtepec',109),(2668,'Santiago Camotlán',109),(2669,'Santiago Comaltepec',109),(2670,'Santiago Chazumba',109),(2671,'Santiago Choápam',109),(2672,'Santiago del Río',109),(2673,'Santiago Huajolotitlán',109),(2674,'Santiago Huauclilla',109),(2675,'Santiago Ihuitlán Plumas',109),(2676,'Santiago Ixcuintepec',109),(2677,'Santiago Ixtayutla',109),(2678,'Santiago Jamiltepec',109),(2679,'Santiago Jocotepec',109),(2680,'Santiago Juxtlahuaca',109),(2681,'Santiago Lachiguiri',109),(2682,'Santiago Lalopa',109),(2683,'Santiago Laollaga',109),(2684,'Santiago Laxopa',109),(2685,'Santiago Llano Grande',109),(2686,'Santiago Matatlán',109),(2687,'Santiago Miltepec',109),(2688,'Santiago Minas',109),(2689,'Santiago Nacaltepec',109),(2690,'Santiago Nejapilla',109),(2691,'Santiago Nundiche',109),(2692,'Santiago Nuyoó',109),(2693,'Santiago Pinotepa Nacional',109),(2694,'Santiago Suchilquitongo',109),(2695,'Santiago Tamazola',109),(2696,'Santiago Tapextla',109),(2697,'Villa Tejúpam de la Unión',109),(2698,'Santiago Tenango',109),(2699,'Santiago Tepetlapa',109),(2700,'Santiago Tetepec',109),(2701,'Santiago Texcalcingo',109),(2702,'Santiago Textitlán',109),(2703,'Santiago Tilantongo',109),(2704,'Santiago Tillo',109),(2705,'Santiago Tlazoyaltepec',109),(2706,'Santiago Xanica',109),(2707,'Santiago Xiacuí',109),(2708,'Santiago Yaitepec',109),(2709,'Santiago Yaveo',109),(2710,'Santiago Yolomécatl',109),(2711,'Santiago Yosondúa',109),(2712,'Santiago Yucuyachi',109),(2713,'Santiago Zacatepec',109),(2714,'Santiago Zoochila',109),(2715,'Nuevo Zoquiápam',109),(2716,'Santo Domingo Ingenio',109),(2717,'Santo Domingo Albarradas',109),(2718,'Santo Domingo Armenta',109),(2719,'Santo Domingo Chihuitán',109),(2720,'Santo Domingo de Morelos',109),(2721,'Santo Domingo Ixcatlán',109),(2722,'Santo Domingo Nuxaá',109),(2723,'Santo Domingo Ozolotepec',109),(2724,'Santo Domingo Petapa',109),(2725,'Santo Domingo Roayaga',109),(2726,'Santo Domingo Tehuantepec',109),(2727,'Santo Domingo Teojomulco',109),(2728,'Santo Domingo Tepuxtepec',109),(2729,'Santo Domingo Tlatayápam',109),(2730,'Santo Domingo Tomaltepec',109),(2731,'Santo Domingo Tonalá',109),(2732,'Santo Domingo Tonaltepec',109),(2733,'Santo Domingo Xagacía',109),(2734,'Santo Domingo Yanhuitlán',109),(2735,'Santo Domingo Yodohino',109),(2736,'Santo Domingo Zanatepec',109),(2737,'Santos Reyes Nopala',109),(2738,'Santos Reyes Pápalo',109),(2739,'Santos Reyes Tepejillo',109),(2740,'Santos Reyes Yucuná',109),(2741,'Santo Tomás Jalieza',109),(2742,'Santo Tomás Mazaltepec',109),(2743,'Santo Tomás Ocotepec',109),(2744,'Santo Tomás Tamazulapan',109),(2745,'San Vicente Coatlán',109),(2746,'San Vicente Lachixío',109),(2747,'San Vicente Nuñú',109),(2748,'Silacayoápam',109),(2749,'Sitio de Xitlapehua',109),(2750,'Soledad Etla',109),(2751,'Villa de Tamazulápam del Progreso',109),(2752,'Tanetze de Zaragoza',109),(2753,'Taniche',109),(2754,'Tataltepec de Valdés',109),(2755,'Teococuilco de Marcos Pérez',109),(2756,'Teotitlán de Flores Magón',109),(2757,'Teotitlán del Valle',109),(2758,'Teotongo',109),(2759,'Tepelmeme Villa de Morelos',109),(2760,'Heroica Villa Tezoatlán de Segura y Luna Cuna de la Independencia de Oaxaca',109),(2761,'San Jerónimo Tlacochahuaya',109),(2762,'Tlacolula de Matamoros',109),(2763,'Tlacotepec Plumas',109),(2764,'Tlalixtac de Cabrera',109),(2765,'Totontepec Villa de Morelos',109),(2766,'Trinidad Zaachila',109),(2767,'La Trinidad Vista Hermosa',109),(2768,'Unión Hidalgo',109),(2769,'Valerio Trujano',109),(2770,'San Juan Bautista Valle Nacional',109),(2771,'Villa Díaz Ordaz',109),(2772,'Yaxe',109),(2773,'Magdalena Yodocono de Porfirio Díaz',109),(2774,'Yogana',109),(2775,'Yutanduchi de Guerrero',109),(2776,'Villa de Zaachila',109),(2777,'San Mateo Yucutindó',109),(2778,'Zapotitlán Lagunas',109),(2779,'Zapotitlán Palmas',109),(2780,'Santa Inés de Zaragoza',109),(2781,'Zimatlán de Álvarez',109),(2782,'Acajete',110),(2783,'Acateno',110),(2784,'Acatlán',110),(2785,'Acatzingo',110),(2786,'Acteopan',110),(2787,'Ahuacatlán',110),(2788,'Ahuatlán',110),(2789,'Ahuazotepec',110),(2790,'Ahuehuetitla',110),(2791,'Ajalpan',110),(2792,'Albino Zertuche',110),(2793,'Aljojuca',110),(2794,'Altepexi',110),(2795,'Amixtlán',110),(2796,'Amozoc',110),(2797,'Aquixtla',110),(2798,'Atempan',110),(2799,'Atexcal',110),(2800,'Atlixco',110),(2801,'Atoyatempan',110),(2802,'Atzala',110),(2803,'Atzitzihuacán',110),(2804,'Atzitzintla',110),(2805,'Axutla',110),(2806,'Ayotoxco de Guerrero',110),(2807,'Calpan',110),(2808,'Caltepec',110),(2809,'Camocuautla',110),(2810,'Caxhuacan',110),(2811,'Coatepec',110),(2812,'Coatzingo',110),(2813,'Cohetzala',110),(2814,'Cohuecan',110),(2815,'Coronango',110),(2816,'Coxcatlán',110),(2817,'Coyomeapan',110),(2818,'Coyotepec',110),(2819,'Cuapiaxtla de Madero',110),(2820,'Cuautempan',110),(2821,'Cuautinchán',110),(2822,'Cuautlancingo',110),(2823,'Cuayuca de Andrade',110),(2824,'Cuetzalan del Progreso',110),(2825,'Cuyoaco',110),(2826,'Chalchicomula de Sesma',110),(2827,'Chapulco',110),(2828,'Chiautla',110),(2829,'Chiautzingo',110),(2830,'Chiconcuautla',110),(2831,'Chichiquila',110),(2832,'Chietla',110),(2833,'Chigmecatitlán',110),(2834,'Chignahuapan',110),(2835,'Chignautla',110),(2836,'Chila',110),(2837,'Chila de la Sal',110),(2838,'Honey',110),(2839,'Chilchotla',110),(2840,'Chinantla',110),(2841,'Domingo Arenas',110),(2842,'Eloxochitlán',110),(2843,'Epatlán',110),(2844,'Esperanza',110),(2845,'Francisco Z. Mena',110),(2846,'General Felipe Ángeles',110),(2847,'Guadalupe',110),(2848,'Guadalupe Victoria',110),(2849,'Hermenegildo Galeana',110),(2850,'Huaquechula',110),(2851,'Huatlatlauca',110),(2852,'Huauchinango',110),(2853,'Huehuetla',110),(2854,'Huehuetlán el Chico',110),(2855,'Huejotzingo',110),(2856,'Hueyapan',110),(2857,'Hueytamalco',110),(2858,'Hueytlalpan',110),(2859,'Huitzilan de Serdán',110),(2860,'Huitziltepec',110),(2861,'Atlequizayan',110),(2862,'Ixcamilpa de Guerrero',110),(2863,'Ixcaquixtla',110),(2864,'Ixtacamaxtitlán',110),(2865,'Ixtepec',110),(2866,'Izúcar de Matamoros',110),(2867,'Jalpan',110),(2868,'Jolalpan',110),(2869,'Jonotla',110),(2870,'Jopala',110),(2871,'Juan C. Bonilla',110),(2872,'Juan Galindo',110),(2873,'Juan N. Méndez',110),(2874,'Lafragua',110),(2875,'Libres',110),(2876,'La Magdalena Tlatlauquitepec',110),(2877,'Mazapiltepec de Juárez',110),(2878,'Mixtla',110),(2879,'Molcaxac',110),(2880,'Cañada Morelos',110),(2881,'Naupan',110),(2882,'Nauzontla',110),(2883,'Nealtican',110),(2884,'Nicolás Bravo',110),(2885,'Nopalucan',110),(2886,'Ocotepec',110),(2887,'Ocoyucan',110),(2888,'Olintla',110),(2889,'Oriental',110),(2890,'Pahuatlán',110),(2891,'Palmar de Bravo',110),(2892,'Pantepec',110),(2893,'Petlalcingo',110),(2894,'Piaxtla',110),(2895,'Puebla',110),(2896,'Quecholac',110),(2897,'Quimixtlán',110),(2898,'Rafael Lara Grajales',110),(2899,'Los Reyes de Juárez',110),(2900,'San Andrés Cholula',110),(2901,'San Antonio Cañada',110),(2902,'San Diego la Mesa Tochimiltzingo',110),(2903,'San Felipe Teotlalcingo',110),(2904,'San Felipe Tepatlán',110),(2905,'San Gabriel Chilac',110),(2906,'San Gregorio Atzompa',110),(2907,'San Jerónimo Tecuanipan',110),(2908,'San Jerónimo Xayacatlán',110),(2909,'San José Chiapa',110),(2910,'San José Miahuatlán',110),(2911,'San Juan Atenco',110),(2912,'San Juan Atzompa',110),(2913,'San Martín Texmelucan',110),(2914,'San Martín Totoltepec',110),(2915,'San Matías Tlalancaleca',110),(2916,'San Miguel Ixitlán',110),(2917,'San Miguel Xoxtla',110),(2918,'San Nicolás Buenos Aires',110),(2919,'San Nicolás de los Ranchos',110),(2920,'San Pablo Anicano',110),(2921,'San Pedro Cholula',110),(2922,'San Pedro Yeloixtlahuaca',110),(2923,'San Salvador el Seco',110),(2924,'San Salvador el Verde',110),(2925,'San Salvador Huixcolotla',110),(2926,'San Sebastián Tlacotepec',110),(2927,'Santa Catarina Tlaltempan',110),(2928,'Santa Inés Ahuatempan',110),(2929,'Santa Isabel Cholula',110),(2930,'Santiago Miahuatlán',110),(2931,'Huehuetlán el Grande',110),(2932,'Santo Tomás Hueyotlipan',110),(2933,'Soltepec',110),(2934,'Tecali de Herrera',110),(2935,'Tecamachalco',110),(2936,'Tecomatlán',110),(2937,'Tehuacán',110),(2938,'Tehuitzingo',110),(2939,'Tenampulco',110),(2940,'Teopantlán',110),(2941,'Teotlalco',110),(2942,'Tepanco de López',110),(2943,'Tepango de Rodríguez',110),(2944,'Tepatlaxco de Hidalgo',110),(2945,'Tepeaca',110),(2946,'Tepemaxalco',110),(2947,'Tepeojuma',110),(2948,'Tepetzintla',110),(2949,'Tepexco',110),(2950,'Tepexi de Rodríguez',110),(2951,'Tepeyahualco',110),(2952,'Tepeyahualco de Cuauhtémoc',110),(2953,'Tetela de Ocampo',110),(2954,'Teteles de Avila Castillo',110),(2955,'Teziutlán',110),(2956,'Tianguismanalco',110),(2957,'Tilapa',110),(2958,'Tlacotepec de Benito Juárez',110),(2959,'Tlacuilotepec',110),(2960,'Tlachichuca',110),(2961,'Tlahuapan',110),(2962,'Tlaltenango',110),(2963,'Tlanepantla',110),(2964,'Tlaola',110),(2965,'Tlapacoya',110),(2966,'Tlapanalá',110),(2967,'Tlatlauquitepec',110),(2968,'Tlaxco',110),(2969,'Tochimilco',110),(2970,'Tochtepec',110),(2971,'Totoltepec de Guerrero',110),(2972,'Tulcingo',110),(2973,'Tuzamapan de Galeana',110),(2974,'Tzicatlacoyan',110),(2975,'Venustiano Carranza',110),(2976,'Vicente Guerrero',110),(2977,'Xayacatlán de Bravo',110),(2978,'Xicotepec',110),(2979,'Xicotlán',110),(2980,'Xiutetelco',110),(2981,'Xochiapulco',110),(2982,'Xochiltepec',110),(2983,'Xochitlán de Vicente Suárez',110),(2984,'Xochitlán Todos Santos',110),(2985,'Yaonáhuac',110),(2986,'Yehualtepec',110),(2987,'Zacapala',110),(2988,'Zacapoaxtla',110),(2989,'Zacatlán',110),(2990,'Zapotitlán',110),(2991,'Zapotitlán de Méndez',110),(2992,'Zaragoza',110),(2993,'Zautla',110),(2994,'Zihuateutla',110),(2995,'Zinacatepec',110),(2996,'Zongozotla',110),(2997,'Zoquiapan',110),(2998,'Zoquitlán',110),(2999,'Amealco de Bonfil',111),(3000,'Pinal de Amoles',111),(3001,'Arroyo Seco',111),(3002,'Cadereyta de Montes',111),(3003,'Colón',111),(3004,'Corregidora',111),(3005,'Ezequiel Montes',111),(3006,'Huimilpan',111),(3007,'Jalpan de Serra',111),(3008,'Landa de Matamoros',111),(3009,'El Marqués',111),(3010,'Pedro Escobedo',111),(3011,'Peñamiller',111),(3012,'Querétaro',111),(3013,'San Joaquín',111),(3014,'San Juan del Río',111),(3015,'Tequisquiapan',111),(3016,'Tolimán',111),(3017,'Cozumel',112),(3018,'Felipe Carrillo Puerto',112),(3019,'Isla Mujeres',112),(3020,'Othón P. Blanco',112),(3021,'Benito Juárez',112),(3022,'José María Morelos',112),(3023,'Lázaro Cárdenas',112),(3024,'Solidaridad',112),(3025,'Tulum',112),(3026,'Bacalar',112),(3027,'Ahualulco',113),(3028,'Alaquines',113),(3029,'Aquismón',113),(3030,'Armadillo de los Infante',113),(3031,'Cárdenas',113),(3032,'Catorce',113),(3033,'Cedral',113),(3034,'Cerritos',113),(3035,'Cerro de San Pedro',113),(3036,'Ciudad del Maíz',113),(3037,'Ciudad Fernández',113),(3038,'Tancanhuitz',113),(3039,'Ciudad Valles',113),(3040,'Coxcatlán',113),(3041,'Charcas',113),(3042,'Ebano',113),(3043,'Guadalcázar',113),(3044,'Huehuetlán',113),(3045,'Lagunillas',113),(3046,'Matehuala',113),(3047,'Mexquitic de Carmona',113),(3048,'Moctezuma',113),(3049,'Rayón',113),(3050,'Rioverde',113),(3051,'Salinas',113),(3052,'San Antonio',113),(3053,'San Ciro de Acosta',113),(3054,'San Luis Potosí',113),(3055,'San Martín Chalchicuautla',113),(3056,'San Nicolás Tolentino',113),(3057,'Santa Catarina',113),(3058,'Santa María del Río',113),(3059,'Santo Domingo',113),(3060,'San Vicente Tancuayalab',113),(3061,'Soledad de Graciano Sánchez',113),(3062,'Tamasopo',113),(3063,'Tamazunchale',113),(3064,'Tampacán',113),(3065,'Tampamolón Corona',113),(3066,'Tamuín',113),(3067,'Tanlajás',113),(3068,'Tanquián de Escobedo',113),(3069,'Tierra Nueva',113),(3070,'Vanegas',113),(3071,'Venado',113),(3072,'Villa de Arriaga',113),(3073,'Villa de Guadalupe',113),(3074,'Villa de la Paz',113),(3075,'Villa de Ramos',113),(3076,'Villa de Reyes',113),(3077,'Villa Hidalgo',113),(3078,'Villa Juárez',113),(3079,'Axtla de Terrazas',113),(3080,'Xilitla',113),(3081,'Zaragoza',113),(3082,'Villa de Arista',113),(3083,'Matlapa',113),(3084,'El Naranjo',113),(3085,'Ahome',114),(3086,'Angostura',114),(3087,'Badiraguato',114),(3088,'Concordia',114),(3089,'Cosalá',114),(3090,'Culiacán',114),(3091,'Choix',114),(3092,'Elota',114),(3093,'Escuinapa',114),(3094,'El Fuerte',114),(3095,'Guasave',114),(3096,'Mazatlán',114),(3097,'Mocorito',114),(3098,'Rosario',114),(3099,'Salvador Alvarado',114),(3100,'San Ignacio',114),(3101,'Sinaloa',114),(3102,'Navolato',114),(3103,'Aconchi',115),(3104,'Agua Prieta',115),(3105,'Alamos',115),(3106,'Altar',115),(3107,'Arivechi',115),(3108,'Arizpe',115),(3109,'Atil',115),(3110,'Bacadéhuachi',115),(3111,'Bacanora',115),(3112,'Bacerac',115),(3113,'Bacoachi',115),(3114,'Bácum',115),(3115,'Banámichi',115),(3116,'Baviácora',115),(3117,'Bavispe',115),(3118,'Benjamín Hill',115),(3119,'Caborca',115),(3120,'Cajeme',115),(3121,'Cananea',115),(3122,'Carbó',115),(3123,'La Colorada',115),(3124,'Cucurpe',115),(3125,'Cumpas',115),(3126,'Divisaderos',115),(3127,'Empalme',115),(3128,'Etchojoa',115),(3129,'Fronteras',115),(3130,'Granados',115),(3131,'Guaymas',115),(3132,'Hermosillo',115),(3133,'Huachinera',115),(3134,'Huásabas',115),(3135,'Huatabampo',115),(3136,'Huépac',115),(3137,'Imuris',115),(3138,'Magdalena',115),(3139,'Mazatán',115),(3140,'Moctezuma',115),(3141,'Naco',115),(3142,'Nácori Chico',115),(3143,'Nacozari de García',115),(3144,'Navojoa',115),(3145,'Nogales',115),(3146,'Onavas',115),(3147,'Opodepe',115),(3148,'Oquitoa',115),(3149,'Pitiquito',115),(3150,'Puerto Peñasco',115),(3151,'Quiriego',115),(3152,'Rayón',115),(3153,'Rosario',115),(3154,'Sahuaripa',115),(3155,'San Felipe de Jesús',115),(3156,'San Javier',115),(3157,'San Luis Río Colorado',115),(3158,'San Miguel de Horcasitas',115),(3159,'San Pedro de la Cueva',115),(3160,'Santa Ana',115),(3161,'Santa Cruz',115),(3162,'Sáric',115),(3163,'Soyopa',115),(3164,'Suaqui Grande',115),(3165,'Tepache',115),(3166,'Trincheras',115),(3167,'Tubutama',115),(3168,'Ures',115),(3169,'Villa Hidalgo',115),(3170,'Villa Pesqueira',115),(3171,'Yécora',115),(3172,'General Plutarco Elías Calles',115),(3173,'Benito Juárez',115),(3174,'San Ignacio Río Muerto',115),(3175,'Balancán',116),(3176,'Cárdenas',116),(3177,'Centla',116),(3178,'Centro',116),(3179,'Comalcalco',116),(3180,'Cunduacán',116),(3181,'Emiliano Zapata',116),(3182,'Huimanguillo',116),(3183,'Jalapa',116),(3184,'Jalpa de Méndez',116),(3185,'Jonuta',116),(3186,'Macuspana',116),(3187,'Nacajuca',116),(3188,'Paraíso',116),(3189,'Tacotalpa',116),(3190,'Teapa',116),(3191,'Tenosique',116),(3192,'Abasolo',117),(3193,'Aldama',117),(3194,'Altamira',117),(3195,'Antiguo Morelos',117),(3196,'Burgos',117),(3197,'Bustamante',117),(3198,'Camargo',117),(3199,'Casas',117),(3200,'Ciudad Madero',117),(3201,'Cruillas',117),(3202,'Gómez Farías',117),(3203,'González',117),(3204,'Güémez',117),(3205,'Guerrero',117),(3206,'Gustavo Díaz Ordaz',117),(3207,'Hidalgo',117),(3208,'Jaumave',117),(3209,'Jiménez',117),(3210,'Llera',117),(3211,'Mainero',117),(3212,'El Mante',117),(3213,'Matamoros',117),(3214,'Méndez',117),(3215,'Mier',117),(3216,'Miguel Alemán',117),(3217,'Miquihuana',117),(3218,'Nuevo Laredo',117),(3219,'Nuevo Morelos',117),(3220,'Ocampo',117),(3221,'Padilla',117),(3222,'Palmillas',117),(3223,'Reynosa',117),(3224,'Río Bravo',117),(3225,'San Carlos',117),(3226,'San Fernando',117),(3227,'San Nicolás',117),(3228,'Soto la Marina',117),(3229,'Tampico',117),(3230,'Tula',117),(3231,'Valle Hermoso',117),(3232,'Victoria',117),(3233,'Villagrán',117),(3234,'Xicoténcatl',117),(3235,'Amaxac de Guerrero',118),(3236,'Apetatitlán de Antonio Carvajal',118),(3237,'Atlangatepec',118),(3238,'Atltzayanca',118),(3239,'Apizaco',118),(3240,'Calpulalpan',118),(3241,'El Carmen Tequexquitla',118),(3242,'Cuapiaxtla',118),(3243,'Cuaxomulco',118),(3244,'Chiautempan',118),(3245,'Muñoz de Domingo Arenas',118),(3246,'Españita',118),(3247,'Huamantla',118),(3248,'Hueyotlipan',118),(3249,'Ixtacuixtla de Mariano Matamoros',118),(3250,'Ixtenco',118),(3251,'Mazatecochco de José María Morelos',118),(3252,'Contla de Juan Cuamatzi',118),(3253,'Tepetitla de Lardizábal',118),(3254,'Sanctórum de Lázaro Cárdenas',118),(3255,'Nanacamilpa de Mariano Arista',118),(3256,'Acuamanala de Miguel Hidalgo',118),(3257,'Natívitas',118),(3258,'Panotla',118),(3259,'San Pablo del Monte',118),(3260,'Santa Cruz Tlaxcala',118),(3261,'Tenancingo',118),(3262,'Teolocholco',118),(3263,'Tepeyanco',118),(3264,'Terrenate',118),(3265,'Tetla de la Solidaridad',118),(3266,'Tetlatlahuca',118),(3267,'Tlaxcala',118),(3268,'Tlaxco',118),(3269,'Tocatlán',118),(3270,'Totolac',118),(3271,'Ziltlaltépec de Trinidad Sánchez Santos',118),(3272,'Tzompantepec',118),(3273,'Xaloztoc',118),(3274,'Xaltocan',118),(3275,'Papalotla de Xicohténcatl',118),(3276,'Xicohtzinco',118),(3277,'Yauhquemehcan',118),(3278,'Zacatelco',118),(3279,'Benito Juárez',118),(3280,'Emiliano Zapata',118),(3281,'Lázaro Cárdenas',118),(3282,'La Magdalena Tlaltelulco',118),(3283,'San Damián Texóloc',118),(3284,'San Francisco Tetlanohcan',118),(3285,'San Jerónimo Zacualpan',118),(3286,'San José Teacalco',118),(3287,'San Juan Huactzinco',118),(3288,'San Lorenzo Axocomanitla',118),(3289,'San Lucas Tecopilco',118),(3290,'Santa Ana Nopalucan',118),(3291,'Santa Apolonia Teacalco',118),(3292,'Santa Catarina Ayometla',118),(3293,'Santa Cruz Quilehtla',118),(3294,'Santa Isabel Xiloxoxtla',118),(3295,'Acajete',119),(3296,'Acatlán',119),(3297,'Acayucan',119),(3298,'Actopan',119),(3299,'Acula',119),(3300,'Acultzingo',119),(3301,'Camarón de Tejeda',119),(3302,'Alpatláhuac',119),(3303,'Alto Lucero de Gutiérrez Barrios',119),(3304,'Altotonga',119),(3305,'Alvarado',119),(3306,'Amatitlán',119),(3307,'Naranjos Amatlán',119),(3308,'Amatlán de los Reyes',119),(3309,'Angel R. Cabada',119),(3310,'La Antigua',119),(3311,'Apazapan',119),(3312,'Aquila',119),(3313,'Astacinga',119),(3314,'Atlahuilco',119),(3315,'Atoyac',119),(3316,'Atzacan',119),(3317,'Atzalan',119),(3318,'Tlaltetela',119),(3319,'Ayahualulco',119),(3320,'Banderilla',119),(3321,'Benito Juárez',119),(3322,'Boca del Río',119),(3323,'Calcahualco',119),(3324,'Camerino Z. Mendoza',119),(3325,'Carrillo Puerto',119),(3326,'Catemaco',119),(3327,'Cazones de Herrera',119),(3328,'Cerro Azul',119),(3329,'Citlaltépetl',119),(3330,'Coacoatzintla',119),(3331,'Coahuitlán',119),(3332,'Coatepec',119),(3333,'Coatzacoalcos',119),(3334,'Coatzintla',119),(3335,'Coetzala',119),(3336,'Colipa',119),(3337,'Comapa',119),(3338,'Córdoba',119),(3339,'Cosamaloapan de Carpio',119),(3340,'Cosautlán de Carvajal',119),(3341,'Coscomatepec',119),(3342,'Cosoleacaque',119),(3343,'Cotaxtla',119),(3344,'Coxquihui',119),(3345,'Coyutla',119),(3346,'Cuichapa',119),(3347,'Cuitláhuac',119),(3348,'Chacaltianguis',119),(3349,'Chalma',119),(3350,'Chiconamel',119),(3351,'Chiconquiaco',119),(3352,'Chicontepec',119),(3353,'Chinameca',119),(3354,'Chinampa de Gorostiza',119),(3355,'Las Choapas',119),(3356,'Chocamán',119),(3357,'Chontla',119),(3358,'Chumatlán',119),(3359,'Emiliano Zapata',119),(3360,'Espinal',119),(3361,'Filomeno Mata',119),(3362,'Fortín',119),(3363,'Gutiérrez Zamora',119),(3364,'Hidalgotitlán',119),(3365,'Huatusco',119),(3366,'Huayacocotla',119),(3367,'Hueyapan de Ocampo',119),(3368,'Huiloapan de Cuauhtémoc',119),(3369,'Ignacio de la Llave',119),(3370,'Ilamatlán',119),(3371,'Isla',119),(3372,'Ixcatepec',119),(3373,'Ixhuacán de los Reyes',119),(3374,'Ixhuatlán del Café',119),(3375,'Ixhuatlancillo',119),(3376,'Ixhuatlán del Sureste',119),(3377,'Ixhuatlán de Madero',119),(3378,'Ixmatlahuacan',119),(3379,'Ixtaczoquitlán',119),(3380,'Jalacingo',119),(3381,'Xalapa',119),(3382,'Jalcomulco',119),(3383,'Jáltipan',119),(3384,'Jamapa',119),(3385,'Jesús Carranza',119),(3386,'Xico',119),(3387,'Jilotepec',119),(3388,'Juan Rodríguez Clara',119),(3389,'Juchique de Ferrer',119),(3390,'Landero y Coss',119),(3391,'Lerdo de Tejada',119),(3392,'Magdalena',119),(3393,'Maltrata',119),(3394,'Manlio Fabio Altamirano',119),(3395,'Mariano Escobedo',119),(3396,'Martínez de la Torre',119),(3397,'Mecatlán',119),(3398,'Mecayapan',119),(3399,'Medellín',119),(3400,'Miahuatlán',119),(3401,'Las Minas',119),(3402,'Minatitlán',119),(3403,'Misantla',119),(3404,'Mixtla de Altamirano',119),(3405,'Moloacán',119),(3406,'Naolinco',119),(3407,'Naranjal',119),(3408,'Nautla',119),(3409,'Nogales',119),(3410,'Oluta',119),(3411,'Omealca',119),(3412,'Orizaba',119),(3413,'Otatitlán',119),(3414,'Oteapan',119),(3415,'Ozuluama de Mascareñas',119),(3416,'Pajapan',119),(3417,'Pánuco',119),(3418,'Papantla',119),(3419,'Paso del Macho',119),(3420,'Paso de Ovejas',119),(3421,'La Perla',119),(3422,'Perote',119),(3423,'Platón Sánchez',119),(3424,'Playa Vicente',119),(3425,'Poza Rica de Hidalgo',119),(3426,'Las Vigas de Ramírez',119),(3427,'Pueblo Viejo',119),(3428,'Puente Nacional',119),(3429,'Rafael Delgado',119),(3430,'Rafael Lucio',119),(3431,'Los Reyes',119),(3432,'Río Blanco',119),(3433,'Saltabarranca',119),(3434,'San Andrés Tenejapan',119),(3435,'San Andrés Tuxtla',119),(3436,'San Juan Evangelista',119),(3437,'Santiago Tuxtla',119),(3438,'Sayula de Alemán',119),(3439,'Soconusco',119),(3440,'Sochiapa',119),(3441,'Soledad Atzompa',119),(3442,'Soledad de Doblado',119),(3443,'Soteapan',119),(3444,'Tamalín',119),(3445,'Tamiahua',119),(3446,'Tampico Alto',119),(3447,'Tancoco',119),(3448,'Tantima',119),(3449,'Tantoyuca',119),(3450,'Tatatila',119),(3451,'Castillo de Teayo',119),(3452,'Tecolutla',119),(3453,'Tehuipango',119),(3454,'Álamo Temapache',119),(3455,'Tempoal',119),(3456,'Tenampa',119),(3457,'Tenochtitlán',119),(3458,'Teocelo',119),(3459,'Tepatlaxco',119),(3460,'Tepetlán',119),(3461,'Tepetzintla',119),(3462,'Tequila',119),(3463,'José Azueta',119),(3464,'Texcatepec',119),(3465,'Texhuacán',119),(3466,'Texistepec',119),(3467,'Tezonapa',119),(3468,'Tierra Blanca',119),(3469,'Tihuatlán',119),(3470,'Tlacojalpan',119),(3471,'Tlacolulan',119),(3472,'Tlacotalpan',119),(3473,'Tlacotepec de Mejía',119),(3474,'Tlachichilco',119),(3475,'Tlalixcoyan',119),(3476,'Tlalnelhuayocan',119),(3477,'Tlapacoyan',119),(3478,'Tlaquilpa',119),(3479,'Tlilapan',119),(3480,'Tomatlán',119),(3481,'Tonayán',119),(3482,'Totutla',119),(3483,'Tuxpan',119),(3484,'Tuxtilla',119),(3485,'Ursulo Galván',119),(3486,'Vega de Alatorre',119),(3487,'Veracruz',119),(3488,'Villa Aldama',119),(3489,'Xoxocotla',119),(3490,'Yanga',119),(3491,'Yecuatla',119),(3492,'Zacualpan',119),(3493,'Zaragoza',119),(3494,'Zentla',119),(3495,'Zongolica',119),(3496,'Zontecomatlán de López y Fuentes',119),(3497,'Zozocolco de Hidalgo',119),(3498,'Agua Dulce',119),(3499,'El Higo',119),(3500,'Nanchital de Lázaro Cárdenas del Río',119),(3501,'Tres Valles',119),(3502,'Carlos A. Carrillo',119),(3503,'Tatahuicapan de Juárez',119),(3504,'Uxpanapa',119),(3505,'San Rafael',119),(3506,'Santiago Sochiapan',119),(3507,'Abalá',120),(3508,'Acanceh',120),(3509,'Akil',120),(3510,'Baca',120),(3511,'Bokobá',120),(3512,'Buctzotz',120),(3513,'Cacalchén',120),(3514,'Calotmul',120),(3515,'Cansahcab',120),(3516,'Cantamayec',120),(3517,'Celestún',120),(3518,'Cenotillo',120),(3519,'Conkal',120),(3520,'Cuncunul',120),(3521,'Cuzamá',120),(3522,'Chacsinkín',120),(3523,'Chankom',120),(3524,'Chapab',120),(3525,'Chemax',120),(3526,'Chicxulub Pueblo',120),(3527,'Chichimilá',120),(3528,'Chikindzonot',120),(3529,'Chocholá',120),(3530,'Chumayel',120),(3531,'Dzán',120),(3532,'Dzemul',120),(3533,'Dzidzantún',120),(3534,'Dzilam de Bravo',120),(3535,'Dzilam González',120),(3536,'Dzitás',120),(3537,'Dzoncauich',120),(3538,'Espita',120),(3539,'Halachó',120),(3540,'Hocabá',120),(3541,'Hoctún',120),(3542,'Homún',120),(3543,'Huhí',120),(3544,'Hunucmá',120),(3545,'Ixil',120),(3546,'Izamal',120),(3547,'Kanasín',120),(3548,'Kantunil',120),(3549,'Kaua',120),(3550,'Kinchil',120),(3551,'Kopomá',120),(3552,'Mama',120),(3553,'Maní',120),(3554,'Maxcanú',120),(3555,'Mayapán',120),(3556,'Mérida',120),(3557,'Mocochá',120),(3558,'Motul',120),(3559,'Muna',120),(3560,'Muxupip',120),(3561,'Opichén',120),(3562,'Oxkutzcab',120),(3563,'Panabá',120),(3564,'Peto',120),(3565,'Progreso',120),(3566,'Quintana Roo',120),(3567,'Río Lagartos',120),(3568,'Sacalum',120),(3569,'Samahil',120),(3570,'Sanahcat',120),(3571,'San Felipe',120),(3572,'Santa Elena',120),(3573,'Seyé',120),(3574,'Sinanché',120),(3575,'Sotuta',120),(3576,'Sucilá',120),(3577,'Sudzal',120),(3578,'Suma',120),(3579,'Tahdziú',120),(3580,'Tahmek',120),(3581,'Teabo',120),(3582,'Tecoh',120),(3583,'Tekal de Venegas',120),(3584,'Tekantó',120),(3585,'Tekax',120),(3586,'Tekit',120),(3587,'Tekom',120),(3588,'Telchac Pueblo',120),(3589,'Telchac Puerto',120),(3590,'Temax',120),(3591,'Temozón',120),(3592,'Tepakán',120),(3593,'Tetiz',120),(3594,'Teya',120),(3595,'Ticul',120),(3596,'Timucuy',120),(3597,'Tinum',120),(3598,'Tixcacalcupul',120),(3599,'Tixkokob',120),(3600,'Tixmehuac',120),(3601,'Tixpéhual',120),(3602,'Tizimín',120),(3603,'Tunkás',120),(3604,'Tzucacab',120),(3605,'Uayma',120),(3606,'Ucú',120),(3607,'Umán',120),(3608,'Valladolid',120),(3609,'Xocchel',120),(3610,'Yaxcabá',120),(3611,'Yaxkukul',120),(3612,'Yobaín',120),(3613,'Apozol',121),(3614,'Apulco',121),(3615,'Atolinga',121),(3616,'Benito Juárez',121),(3617,'Calera',121),(3618,'Cañitas de Felipe Pescador',121),(3619,'Concepción del Oro',121),(3620,'Cuauhtémoc',121),(3621,'Chalchihuites',121),(3622,'Fresnillo',121),(3623,'Trinidad García de la Cadena',121),(3624,'Genaro Codina',121),(3625,'General Enrique Estrada',121),(3626,'General Francisco R. Murguía',121),(3627,'El Plateado de Joaquín Amaro',121),(3628,'General Pánfilo Natera',121),(3629,'Guadalupe',121),(3630,'Huanusco',121),(3631,'Jalpa',121),(3632,'Jerez',121),(3633,'Jiménez del Teul',121),(3634,'Juan Aldama',121),(3635,'Juchipila',121),(3636,'Loreto',121),(3637,'Luis Moya',121),(3638,'Mazapil',121),(3639,'Melchor Ocampo',121),(3640,'Mezquital del Oro',121),(3641,'Miguel Auza',121),(3642,'Momax',121),(3643,'Monte Escobedo',121),(3644,'Morelos',121),(3645,'Moyahua de Estrada',121),(3646,'Nochistlán de Mejía',121),(3647,'Noria de Ángeles',121),(3648,'Ojocaliente',121),(3649,'Pánuco',121),(3650,'Pinos',121),(3651,'Río Grande',121),(3652,'Sain Alto',121),(3653,'El Salvador',121),(3654,'Sombrerete',121),(3655,'Susticacán',121),(3656,'Tabasco',121),(3657,'Tepechitlán',121),(3658,'Tepetongo',121),(3659,'Teúl de González Ortega',121),(3660,'Tlaltenango de Sánchez Román',121),(3661,'Valparaíso',121),(3662,'Vetagrande',121),(3663,'Villa de Cos',121),(3664,'Villa García',121),(3665,'Villa González Ortega',121),(3666,'Villa Hidalgo',121),(3667,'Villanueva',121),(3668,'Zacatecas',121),(3669,'Trancoso',121),(3670,'Santa María de la Paz',121);
/*!40000 ALTER TABLE `catMunicipios` ENABLE KEYS */;
UNLOCK TABLES;

--
-- Table structure for table `catPaises`
--

DROP TABLE IF EXISTS `catPaises`;
/*!40101 SET @saved_cs_client     = @@character_set_client */;
/*!40101 SET character_set_client = utf8 */;
CREATE TABLE `catPaises` (
  `IdPais` int(6) unsigned NOT NULL,
  `NomPais` varchar(255) DEFAULT NULL,
  `ISO_L` varchar(4) DEFAULT NULL,
  `PrefijoTel` int(8) DEFAULT NULL,
  PRIMARY KEY (`IdPais`)
) ENGINE=InnoDB DEFAULT CHARSET=utf8;
/*!40101 SET character_set_client = @saved_cs_client */;

--
-- Dumping data for table `catPaises`
--

LOCK TABLES `catPaises` WRITE;
/*!40000 ALTER TABLE `catPaises` DISABLE KEYS */;
INSERT INTO `catPaises` VALUES (1,'España',NULL,NULL),(2,'Albania',NULL,NULL),(3,'Andorra',NULL,NULL),(4,'Austria',NULL,NULL),(5,'Bielorrusia',NULL,NULL),(6,'Bélgica',NULL,NULL),(7,'Bosnia - Herzegovina',NULL,NULL),(8,'Bulgaria',NULL,NULL),(9,'Croacia',NULL,NULL),(10,'Chipre',NULL,NULL),(11,'Rep. Checa',NULL,NULL),(12,'Dinamarca',NULL,NULL),(13,'Estonia',NULL,NULL),(14,'I. Feroe',NULL,NULL),(15,'Finlandia',NULL,NULL),(16,'Francia',NULL,NULL),(17,'Alemania',NULL,NULL),(18,'Gibraltar',NULL,NULL),(19,'Grecia',NULL,NULL),(20,'Hungría',NULL,NULL),(21,'Islandia',NULL,NULL),(22,'Irlanda',NULL,NULL),(23,'Italia',NULL,NULL),(24,'Letonia',NULL,NULL),(25,'Liechtenstein',NULL,NULL),(26,'Lituania',NULL,NULL),(27,'Luxemburgo',NULL,NULL),(28,'Macedonia',NULL,NULL),(29,'Malta',NULL,NULL),(30,'Moldavia',NULL,NULL),(31,'Mónaco',NULL,NULL),(32,'Holanda',NULL,NULL),(33,'Noruega',NULL,NULL),(34,'Polonia',NULL,NULL),(35,'Portugal',NULL,NULL),(36,'Rumania',NULL,NULL),(37,'Rusia',NULL,NULL),(38,'San Marino',NULL,NULL),(39,'Eslovaquia',NULL,NULL),(40,'Eslovenia',NULL,NULL),(41,'Suecia',NULL,NULL),(42,'Suiza',NULL,NULL),(43,'Turquia',NULL,NULL),(44,'Ucrania',NULL,NULL),(45,'Reino Unido',NULL,NULL),(46,'Vaticano',NULL,NULL),(47,'Yugoslavia',NULL,NULL),(48,'Bermudas',NULL,NULL),(49,'Canada',NULL,NULL),(50,'Groenlandia',NULL,NULL),(51,'México',NULL,NULL),(52,'Estados Unidos',NULL,NULL),(53,'Anguilla',NULL,NULL),(54,'Antigua y Barbuda',NULL,NULL),(55,'Aruba',NULL,NULL),(56,'Bahamas',NULL,NULL),(57,'Barbados',NULL,NULL),(58,'Belice',NULL,NULL),(59,'I. Caimán',NULL,NULL),(60,'Costa Rica',NULL,NULL),(61,'Cuba',NULL,NULL),(62,'Dominica',NULL,NULL),(63,'Rep. Dominicana',NULL,NULL),(64,'El Salvador',NULL,NULL),(65,'Granada',NULL,NULL),(66,'Guadalupe',NULL,NULL),(67,'Guatemala',NULL,NULL),(68,'Haití',NULL,NULL),(69,'Honduras',NULL,NULL),(70,'Jamaica',NULL,NULL),(71,'Martinica',NULL,NULL),(72,'Montserrat',NULL,NULL),(73,'Antillas Holandesas',NULL,NULL),(74,'Nicaragua',NULL,NULL),(75,'Panamá',NULL,NULL),(76,'Puerto Rico',NULL,NULL),(77,'St.Kitts & Nevis',NULL,NULL),(78,'St. Vicent y Grenadines',NULL,NULL),(79,'Trinidad y Tobago',NULL,NULL),(80,'I. Vírgenes EEUU',NULL,NULL),(81,'Argentina',NULL,NULL),(82,'Bolivia',NULL,NULL),(83,'Brasil',NULL,NULL),(84,'Chile',NULL,NULL),(85,'Colombia',NULL,NULL),(86,'Ecuador',NULL,NULL),(87,'I. Malvinas',NULL,NULL),(88,'Guayana Francesa',NULL,NULL),(89,'I. Galápagos',NULL,NULL),(90,'Guayana',NULL,NULL),(91,'Paraguay',NULL,NULL),(92,'Peru',NULL,NULL),(93,'Sur Georgia e I. Sandwich',NULL,NULL),(94,'Surinam',NULL,NULL),(95,'Uruguay',NULL,NULL),(96,'Venezuela',NULL,NULL),(97,'Argelia',NULL,NULL),(98,'Angola',NULL,NULL),(99,'Benin',NULL,NULL),(100,'Botswana',NULL,NULL),(101,'Burkina Faso',NULL,NULL),(102,'Burundi',NULL,NULL),(103,'Camerún',NULL,NULL),(104,'Cabo Verde',NULL,NULL),(105,'Rep. Centroafricana',NULL,NULL),(106,'Chad',NULL,NULL),(107,'Comoros',NULL,NULL),(108,'Congo',NULL,NULL),(109,'Yibuti',NULL,NULL),(110,'Egipto',NULL,NULL),(111,'Guinea Ecuatorial',NULL,NULL),(112,'Eritrea',NULL,NULL),(113,'Etiopia',NULL,NULL),(114,'Gabón',NULL,NULL),(115,'Gambia',NULL,NULL),(116,'Ghana',NULL,NULL),(117,'Guinea',NULL,NULL),(118,'Guinea-Bissau',NULL,NULL),(119,'Kenia',NULL,NULL),(120,'Lesotho',NULL,NULL),(121,'Liberia',NULL,NULL),(122,'Líbia',NULL,NULL),(123,'Madagascar',NULL,NULL),(124,'Malawi',NULL,NULL),(125,'Mali',NULL,NULL),(126,'Mauritania',NULL,NULL),(127,'Mauricio',NULL,NULL),(128,'Marruecos',NULL,NULL),(129,'Mozambique',NULL,NULL),(130,'Namibia',NULL,NULL),(131,'Níger',NULL,NULL),(132,'Nigeria',NULL,NULL),(133,'I. Reunión',NULL,NULL),(134,'Ruanda',NULL,NULL),(135,'Sao Tomé y Príncipe',NULL,NULL),(136,'Senegal',NULL,NULL),(137,'Seychelles',NULL,NULL),(138,'Sierra Leona',NULL,NULL),(139,'Somalia',NULL,NULL),(140,'Sudáfrica',NULL,NULL),(141,'Sudán',NULL,NULL),(142,'Swazilandia',NULL,NULL),(143,'Tanzania',NULL,NULL),(144,'Togo',NULL,NULL),(145,'Túnez',NULL,NULL),(146,'Uganda',NULL,NULL),(147,'Sáhara Occidental',NULL,NULL),(148,'Zaire',NULL,NULL),(149,'Zambia',NULL,NULL),(150,'Zimbabwe',NULL,NULL),(151,'Afganistán',NULL,NULL),(152,'Bangladesh',NULL,NULL),(153,'Bután',NULL,NULL),(154,'Brunei',NULL,NULL),(155,'Burma (Myanmar)',NULL,NULL),(156,'Camboya',NULL,NULL),(157,'China',NULL,NULL),(158,'Hong Kong',NULL,NULL),(159,'India',NULL,NULL),(160,'Indonesia',NULL,NULL),(161,'Japón',NULL,NULL),(162,'Kazajistán',NULL,NULL),(163,'Kirguizistán',NULL,NULL),(164,'Laos',NULL,NULL),(165,'Macao',NULL,NULL),(166,'Malasia',NULL,NULL),(167,'Maldivas',NULL,NULL),(168,'Mongolia',NULL,NULL),(169,'Nepal',NULL,NULL),(170,'Corea del Norte',NULL,NULL),(171,'Pakistán',NULL,NULL),(172,'Filipinas',NULL,NULL),(173,'Singapur',NULL,NULL),(174,'Corea del Sur',NULL,NULL),(175,'Sri Lanka',NULL,NULL),(176,'Taiwán',NULL,NULL),(177,'Tajikistán',NULL,NULL),(178,'Tailandia',NULL,NULL),(179,'Turkmenistán',NULL,NULL),(180,'Uzbekistán',NULL,NULL),(181,'Vietnam',NULL,NULL),(182,'Armenia',NULL,NULL),(183,'Azerbayan',NULL,NULL),(184,'Bahrain',NULL,NULL),(185,'Georgia',NULL,NULL),(186,'Irán',NULL,NULL),(187,'Iraq',NULL,NULL),(188,'Israel',NULL,NULL),(189,'Jordania',NULL,NULL),(190,'Kuwait',NULL,NULL),(191,'Líbano',NULL,NULL),(192,'Omán',NULL,NULL),(193,'Qatar',NULL,NULL),(194,'Arabia Saudí',NULL,NULL),(195,'Emiratos Arabes Unidos',NULL,NULL),(196,'Yemen',NULL,NULL),(197,'Australia',NULL,NULL),(198,'I. Cook',NULL,NULL),(199,'Fiji',NULL,NULL),(200,'Polinesia Francesa',NULL,NULL),(201,'Guam',NULL,NULL),(202,'Kiribati',NULL,NULL),(203,'I. Marianas del Norte',NULL,NULL),(204,'I. Marshall',NULL,NULL),(205,'Micronesia',NULL,NULL),(206,'Nauru',NULL,NULL),(207,'Nueva Caledonia',NULL,NULL),(208,'Nueva Zelanda',NULL,NULL),(209,'Palau',NULL,NULL),(210,'Papua Nueva Guinea',NULL,NULL),(211,'Samoa',NULL,NULL),(212,'I. Salomón',NULL,NULL),(213,'Tonga',NULL,NULL),(214,'Tuvalu',NULL,NULL),(215,'Vanuatu',NULL,NULL),(216,'I. Wallis y Futuna',NULL,NULL),(217,'Costa de Marfil',NULL,NULL),(218,'I. Vírgenes Británicas',NULL,NULL),(219,'I. Cocos (Keeling)',NULL,NULL),(220,'Siria',NULL,NULL);
/*!40000 ALTER TABLE `catPaises` ENABLE KEYS */;
UNLOCK TABLES;

--
-- Table structure for table `saeInstitucionEducativa`
--

DROP TABLE IF EXISTS `saeInstitucionEducativa`;
/*!40101 SET @saved_cs_client     = @@character_set_client */;
/*!40101 SET character_set_client = utf8 */;
CREATE TABLE `saeInstitucionEducativa` (
  `IdInstEdu` int(10) unsigned zerofill NOT NULL AUTO_INCREMENT,
  `NomInstitucion` varchar(255) DEFAULT NULL,
  `NomCorto` varchar(25) DEFAULT NULL,
  PRIMARY KEY (`IdInstEdu`),
  UNIQUE KEY `IdInstEdu_UNIQUE` (`IdInstEdu`)
) ENGINE=InnoDB DEFAULT CHARSET=utf8;
/*!40101 SET character_set_client = @saved_cs_client */;

--
-- Dumping data for table `saeInstitucionEducativa`
--

LOCK TABLES `saeInstitucionEducativa` WRITE;
/*!40000 ALTER TABLE `saeInstitucionEducativa` DISABLE KEYS */;
/*!40000 ALTER TABLE `saeInstitucionEducativa` ENABLE KEYS */;
UNLOCK TABLES;
/*!40103 SET TIME_ZONE=@OLD_TIME_ZONE */;

/*!40101 SET SQL_MODE=@OLD_SQL_MODE */;
/*!40014 SET FOREIGN_KEY_CHECKS=@OLD_FOREIGN_KEY_CHECKS */;
/*!40014 SET UNIQUE_CHECKS=@OLD_UNIQUE_CHECKS */;
/*!40101 SET CHARACTER_SET_CLIENT=@OLD_CHARACTER_SET_CLIENT */;
/*!40101 SET CHARACTER_SET_RESULTS=@OLD_CHARACTER_SET_RESULTS */;
/*!40101 SET COLLATION_CONNECTION=@OLD_COLLATION_CONNECTION */;
/*!40111 SET SQL_NOTES=@OLD_SQL_NOTES */;

-- Dump completed on 2013-10-21 17:47:00
